address,code
0658f4ed17289144717713adffc2539ef7c2ef8e,0x608060405273ffffffffffffffffffffffffffffffffffffffff600054167fa619486e0000000000000000000000000000000000000000000000000000000060003514156050578060005260206000f35b3660008037600080366000845af43d6000803e60008114156070573d6000fd5b3d6000f3fea2646970667358221220d1429297349653a4918076d650332de1a1068c5f3e07c5c82360c277770b955264736f6c63430007060033
0bc3807ec262cb779b38d65b38158acc3bfede10,0x6080604052600436106100ca5760003560e01c80636a42b8f811610079578063c1a287e211610056578063c1a287e214610222578063e177246e14610239578063f2b0653714610259578063f851a4401461029957005b80636a42b8f8146101de5780637d645fab146101f4578063b1b43ae51461020b57005b80633a66f901116100a75780633a66f901146101705780634dd18bf51461019e578063591fcdfe146101be57005b80630825f38f146100d35780630e18b68114610109578063267822471461011e57005b366100d157005b005b3480156100df57600080fd5b506100f36100ee366004610f7b565b6102c6565b604051610100919061114d565b60405180910390f35b34801561011557600080fd5b506100d1610752565b34801561012a57600080fd5b5060015461014b9073ffffffffffffffffffffffffffffffffffffffff1681565b60405173ffffffffffffffffffffffffffffffffffffffff9091168152602001610100565b34801561017c57600080fd5b5061019061018b366004610f7b565b610842565b604051908152602001610100565b3480156101aa57600080fd5b506100d16101b9366004610f59565b610a60565b3480156101ca57600080fd5b506100d16101d9366004610f7b565b610b6a565b3480156101ea57600080fd5b5061019060025481565b34801561020057600080fd5b5061019062278d0081565b34801561021757600080fd5b506101906202a30081565b34801561022e57600080fd5b506101906212750081565b34801561024557600080fd5b506100d161025436600461102c565b610cda565b34801561026557600080fd5b5061028961027436600461102c565b60036020526000908152604090205460ff1681565b6040519015158152602001610100565b3480156102a557600080fd5b5060005461014b9073ffffffffffffffffffffffffffffffffffffffff1681565b60005460609073ffffffffffffffffffffffffffffffffffffffff16331461035d576040805162461bcd60e51b81526020600482015260248101919091527f4e6f756e7344414f4578656375746f723a3a657865637574655472616e73616360448201527f74696f6e3a2043616c6c206d75737420636f6d652066726f6d2061646d696e2e60648201526084015b60405180910390fd5b600086868686866040516020016103789594939291906110f3565b604080517fffffffffffffffffffffffffffffffffffffffffffffffffffffffffffffffe081840301815291815281516020928301206000818152600390935291205490915060ff166104595760405162461bcd60e51b815260206004820152604560248201527f4e6f756e7344414f4578656375746f723a3a657865637574655472616e73616360448201527f74696f6e3a205472616e73616374696f6e206861736e2774206265656e20717560648201527f657565642e000000000000000000000000000000000000000000000000000000608482015260a401610354565b824210156104f55760405162461bcd60e51b815260206004820152604d60248201527f4e6f756e7344414f4578656375746f723a3a657865637574655472616e73616360448201527f74696f6e3a205472616e73616374696f6e206861736e2774207375727061737360648201527f65642074696d65206c6f636b2e00000000000000000000000000000000000000608482015260a401610354565b610502621275008461119d565b4211156105775760405162461bcd60e51b815260206004820152603b60248201527f4e6f756e7344414f4578656375746f723a3a657865637574655472616e73616360448201527f74696f6e3a205472616e73616374696f6e206973207374616c652e00000000006064820152608401610354565b600081815260036020526040902080547fffffffffffffffffffffffffffffffffffffffffffffffffffffffffffffff0016905584516060906105bb5750836105e7565b8580519060200120856040516020016105d592919061108f565b60405160208183030381529060405290505b6000808973ffffffffffffffffffffffffffffffffffffffff16898460405161061091906110d7565b60006040518083038185875af1925050503d806000811461064d576040519150601f19603f3d011682016040523d82523d6000602084013e610652565b606091505b5091509150816106f05760405162461bcd60e51b815260206004820152604560248201527f4e6f756e7344414f4578656375746f723a3a657865637574655472616e73616360448201527f74696f6e3a205472616e73616374696f6e20657865637574696f6e207265766560648201527f727465642e000000000000000000000000000000000000000000000000000000608482015260a401610354565b8973ffffffffffffffffffffffffffffffffffffffff16847fa560e3198060a2f10670c1ec5b403077ea6ae93ca8de1c32b451dc1a943cd6e78b8b8b8b60405161073d9493929190611160565b60405180910390a39998505050505050505050565b60015473ffffffffffffffffffffffffffffffffffffffff1633146107e1576040805162461bcd60e51b81526020600482015260248101919091527f4e6f756e7344414f4578656375746f723a3a61636365707441646d696e3a204360448201527f616c6c206d75737420636f6d652066726f6d2070656e64696e6741646d696e2e6064820152608401610354565b60008054337fffffffffffffffffffffffff0000000000000000000000000000000000000000918216811783556001805490921690915560405190917f71614071b88dee5e0b2ae578a9dd7b2ebbe9ae832ba419dc0242cd065a290b6c91a2565b6000805473ffffffffffffffffffffffffffffffffffffffff1633146108d05760405162461bcd60e51b815260206004820152603e60248201527f4e6f756e7344414f4578656375746f723a3a71756575655472616e736163746960448201527f6f6e3a2043616c6c206d75737420636f6d652066726f6d2061646d696e2e00006064820152608401610354565b6002546108dd904261119d565b8210156109785760405162461bcd60e51b815260206004820152605160248201527f4e6f756e7344414f4578656375746f723a3a71756575655472616e736163746960448201527f6f6e3a20457374696d6174656420657865637574696f6e20626c6f636b206d7560648201527f737420736174697366792064656c61792e000000000000000000000000000000608482015260a401610354565b600086868686866040516020016109939594939291906110f3565b604080517fffffffffffffffffffffffffffffffffffffffffffffffffffffffffffffffe081840301815282825280516020918201206000818152600390925291902080547fffffffffffffffffffffffffffffffffffffffffffffffffffffffffffffff00166001179055915073ffffffffffffffffffffffffffffffffffffffff88169082907f76e2796dc3a81d57b0e8504b647febcbeeb5f4af818e164f11eef8131a6a763f90610a4e908a908a908a908a90611160565b60405180910390a39695505050505050565b333014610afb5760405162461bcd60e51b815260206004820152604860248201527f4e6f756e7344414f4578656375746f723a3a73657450656e64696e6741646d6960448201527f6e3a2043616c6c206d75737420636f6d652066726f6d204e6f756e7344414f4560648201527f78656375746f722e000000000000000000000000000000000000000000000000608482015260a401610354565b600180547fffffffffffffffffffffffff00000000000000000000000000000000000000001673ffffffffffffffffffffffffffffffffffffffff83169081179091556040517f69d78e38a01985fbb1462961809b4b2d65531bc93b2b94037f3334b82ca4a75690600090a250565b60005473ffffffffffffffffffffffffffffffffffffffff163314610bf75760405162461bcd60e51b815260206004820152603f60248201527f4e6f756e7344414f4578656375746f723a3a63616e63656c5472616e7361637460448201527f696f6e3a2043616c6c206d75737420636f6d652066726f6d2061646d696e2e006064820152608401610354565b60008585858585604051602001610c129594939291906110f3565b604080517fffffffffffffffffffffffffffffffffffffffffffffffffffffffffffffffe081840301815282825280516020918201206000818152600390925291902080547fffffffffffffffffffffffffffffffffffffffffffffffffffffffffffffff00169055915073ffffffffffffffffffffffffffffffffffffffff87169082907f2fffc091a501fd91bfbff27141450d3acb40fb8e6d8382b243ec7a812a3aaf8790610cca908990899089908990611160565b60405180910390a3505050505050565b333014610d755760405162461bcd60e51b815260206004820152604160248201527f4e6f756e7344414f4578656375746f723a3a73657444656c61793a2043616c6c60448201527f206d75737420636f6d652066726f6d204e6f756e7344414f4578656375746f7260648201527f2e00000000000000000000000000000000000000000000000000000000000000608482015260a401610354565b6202a300811015610dee5760405162461bcd60e51b815260206004820152603c60248201527f4e6f756e7344414f4578656375746f723a3a73657444656c61793a2044656c6160448201527f79206d75737420657863656564206d696e696d756d2064656c61792e000000006064820152608401610354565b62278d00811115610e69576040805162461bcd60e51b81526020600482015260248101919091527f4e6f756e7344414f4578656375746f723a3a73657444656c61793a2044656c6160448201527f79206d757374206e6f7420657863656564206d6178696d756d2064656c61792e6064820152608401610354565b600281905560405181907f948b1f6a42ee138b7e34058ba85a37f716d55ff25ff05a763f15bed6a04c8d2c90600090a250565b600067ffffffffffffffff80841115610eb757610eb761120c565b604051601f85017fffffffffffffffffffffffffffffffffffffffffffffffffffffffffffffffe0908116603f01168101908282118183101715610efd57610efd61120c565b81604052809350858152868686011115610f1657600080fd5b858560208301376000602087830101525050509392505050565b803573ffffffffffffffffffffffffffffffffffffffff81168114610f5457600080fd5b919050565b600060208284031215610f6b57600080fd5b610f7482610f30565b9392505050565b600080600080600060a08688031215610f9357600080fd5b610f9c86610f30565b945060208601359350604086013567ffffffffffffffff80821115610fc057600080fd5b818801915088601f830112610fd457600080fd5b610fe389833560208501610e9c565b94506060880135915080821115610ff957600080fd5b508601601f8101881361100b57600080fd5b61101a88823560208401610e9c565b95989497509295608001359392505050565b60006020828403121561103e57600080fd5b5035919050565b6000815180845261105d8160208601602086016111dc565b601f017fffffffffffffffffffffffffffffffffffffffffffffffffffffffffffffffe0169290920160200192915050565b7fffffffff0000000000000000000000000000000000000000000000000000000083168152600082516110c98160048501602087016111dc565b919091016004019392505050565b600082516110e98184602087016111dc565b9190910192915050565b73ffffffffffffffffffffffffffffffffffffffff8616815284602082015260a06040820152600061112860a0830186611045565b828103606084015261113a8186611045565b9150508260808301529695505050505050565b602081526000610f746020830184611045565b8481526080602082015260006111796080830186611045565b828103604084015261118b8186611045565b91505082606083015295945050505050565b600082198211156111d7577f4e487b7100000000000000000000000000000000000000000000000000000000600052601160045260246000fd5b500190565b60005b838110156111f75781810151838201526020016111df565b83811115611206576000848401525b50505050565b7f4e487b7100000000000000000000000000000000000000000000000000000000600052604160045260246000fdfea26469706673582212201f43fbe78d679013524a9e90a4bae0c870a256d65704e21496cc4a4e21d9835864736f6c63430008060033
144975eec9674fd0af3d6f3fba8d660879ce3881,0x608060405273ffffffffffffffffffffffffffffffffffffffff600054167fa619486e0000000000000000000000000000000000000000000000000000000060003514156050578060005260206000f35b3660008037600080366000845af43d6000803e60008114156070573d6000fd5b3d6000f3fea2646970667358221220d1429297349653a4918076d650332de1a1068c5f3e07c5c82360c277770b955264736f6c63430007060033
19cc9d48f2032f3ec8d6f60ea84979169a848231,0x608060409080825260048036101561001657600080fd5b600091823560e01c908163013cf08b146116925750806306fdde031461163957806317977c61146116015780631d28dec7146114c65780632a57adc1146114945780633c594059146114735780633e4f49e61461144257806345742b2a146113e1578063470b762214611145578063589de5df14610aa85780635b961c3e14610a6f57806360c3233b14610a23578063792d0733146109c25780637b186d89146108f45780637fe088f3146108d557806396300b7d1461085d578063b6f322b41461083e578063bf7a2963146107ce578063d8bff440146107a6578063da35c66414610787578063daac20961461057e578063dd23a2951461055a578063e23a9a52146104b1578063e83223c5146104925763fe0d94c11461013757600080fd5b3461048e576020908160031936011261048a5780359061015682611a44565b61015f81611852565b6104315761016c82611ad1565b9061017682611852565b600382146103e257828552808452858520600a8101805461ff001916610100179055600681015460025481039081116103cf57431061035b5760028101546001600160a01b0316926101c781611852565b80610248575090600386979693920154823b1561023a57604484928389519586948593630acf027160e31b8552840152600160248401525af1801561023e57610226575b5050600080516020611f0a833981519152925b51908152a180f35b61022f9061177a565b61023a57833861020b565b8380fd5b85513d84823e3d90fd5b61025181611852565b600181036102c2575090600386979693920154823b1561023a57604484928389519586948593630acf027160e31b85528401528160248401525af1801561023e576102ae575b5050600080516020611f0a8339815191529261021e565b6102b79061177a565b61023a578338610297565b806102ce600292611852565b146102ed575b505050600080516020611f0a833981519152929361021e565b6003015490823b156103575790604486928389519586948593630acf027160e31b8552840152600260248401525af1801561034d5761032e575b80806102d4565b92610347600080516020611f0a8339815191529461177a565b92610327565b85513d86823e3d90fd5b8580fd5b865162461bcd60e51b8152808301869052604260248201527f70726f706f73616c2063616e206f6e6c7920626520657865637574656420696660448201527f2069742069732077697468696e2074686520657865637574696f6e2077696e646064820152616f7760f01b608482015260a490fd5b634e487b7160e01b875260118352602487fd5b855162461bcd60e51b8152908101849052602360248201527f70726f706f73616c20726573756c742063616e6e6f7420626520756e6465636960448201526219195960ea1b6064820152608490fd5b845162461bcd60e51b8152908101839052602d60248201527f70726f706f73616c2063616e206f6e6c7920626520657865637574656420696660448201526c2069742069732061637469766560981b6064820152608490fd5b8280fd5b5080fd5b82843461048e578160031936011261048e576020906003549051908152f35b5082903461048a578160031936011261048a576024356001600160a01b038116919082900361023a57928291606094828480516104ed81611748565b828152826020820152015280358352602052600b83832001908252602052209080519161051983611748565b5460ff811615159283815260ff836020830192828560081c16845201916001600160601b03809460101c168352845195865251166020850152511690820152f35b82843461048e578160031936011261048e57602090610577611de1565b9051908152f35b50823461048a57606036600319011261048a5767ffffffffffffffff8235818111610783576105b09036908501611898565b9390602492833581811161077f576105cb9036908501611898565b9160443590811161077b576105e39036908601611898565b9060018060a01b03936105fa858c54163314611b93565b8851988a60608b0160608c525260808a0199878d5b8d8110610755575050808b03602082810191909152838c529a6001600160fb1b038411610751578683918d8660051b928391830137018281038d01828401528c810187905201848e5b87811061073157505090807f5b79933b293fd4765d768993c014078a97e2dd15d6c7c5683ea878db1198c4c7920390a18b5b8b8d81831061069a579060075580f35b8284828f600690846106b096525220928b611bcd565b35888116810361072d5781546106c784878b611bcd565b3560018401556106d8848989611bcd565b358015158091036107285760ff1691610100600160a81b039060081b16906affffffffffffffffffffff60a81b1617179055600181018091111561068a57634e487b7160e01b8d5260118952898dfd5b508f80fd5b8e80fd5b9091823590811515809203610728579081528d01918d0190600101610658565b8d80fd5b909b8c359089821680920361077757600191815260208091019d01910161060f565b8f80fd5b8880fd5b8780fd5b8480fd5b82843461048e578160031936011261048e576020906001549051908152f35b82843461048e578160031936011261048e57905490516001600160a01b039091168152602090f35b82843461048e578160031936011261048e578154907fc5644f3588a066b15dcf6b636b74aadca57cfaccf608d9de7d8786364b7a8d02906001600160a01b03831661082333821461081e81611b93565b611b93565b8151908152846020820152a16001600160a01b031916815580f35b82843461048e578160031936011261048e576020906002549051908152f35b82843461048e57602036600319011261048e57610878611837565b82546001600160a01b038082169391927fc5644f3588a066b15dcf6b636b74aadca57cfaccf608d9de7d8786364b7a8d029291906108b7338714611b93565b82519586521693846020820152a16001600160a01b03191617815580f35b82843461048e578160031936011261048e576020906007549051908152f35b50823461048a5761090436611872565b825163013cf08b60e01b8152938401526101a092906001600160a01b039084908390602490829085165afa9384156109b8578594610947575b6020858551908152f35b909180939450813d83116109b1575b61096081836117aa565b8101031261023a5760208201519081160361048a57602092506109a761018060c0830151926109926101408201611e89565b506109a06101608201611e89565b5001611e89565b509083808061093d565b503d610956565b83513d87823e3d90fd5b5082903461048a57602036600319011261048a577f7d1b410a91f91b36a4e774b83dcfe723dc83340a4eee8e7d5eae4ab6767b80ec903591610a0e60018060a01b038554163314611b93565b6002548151908152836020820152a160025580f35b5082903461048a57602036600319011261048a57606092829135815260066020522090600182549201549080519260ff81161515845260018060a01b039060081c166020840152820152f35b82843461048e578060031936011261048e576020906001600160601b03610aa0610a97611837565b60243590611bf8565b915191168152f35b50903461114257610ab836611872565b436000198181019493909291851161112f576001600160601b039182610ade8733611bf8565b16156110dc576001600160a01b0391821692831561108f57610b008285611e96565b61104c5788516305bc8be360e31b81526020979088818b81895afa908115611042579189918b878e958c93611000575b50945163782d6fe160e01b81523091810191825260208201939093529193849283919082906040015b0392165afa879181610fd1575b50610bdc57608489898c610b786118e8565b505162461bcd60e51b815291820152603760248201527f636865636b696e672064656c656761746520726570726573656e746174696f6e60448201527f206f6e2065787465726e616c2044414f206661696c65640000000000000000006064820152fd5b1615610f7357875191637b186d8960e01b8352838884015260249282848201528781604481305afa879181610f44575b50610de0575050610c2590610c1f6118e8565b50611971565b91875193610c3285611748565b602a85528685019589368837855115610dce5760308753855190600191821015610dbc579190607860218801536029925b818411610d535750505050610d125750610d0e938693610cfa93610ceb605194610cc09a519a857f696e76616c69642065787465726e616c2070726f706f73616c2069643a2000008d978801528251928391603e890191016117e8565b840191720103337b91032bc3a32b93730b6102220a79d1606d1b603e840152518093868401906117e8565b010360318101875201856117aa565b5162461bcd60e51b8152928392830161180b565b0390fd5b9250505081606494519362461bcd60e51b85528401528201527f537472696e67733a20686578206c656e67746820696e73756666696369656e746044820152fd5b90919293600f81166010811015610daa576f181899199a1a9b1b9c1cb0b131b232b360811b901a610d84868a61194a565b538a1c938015610d98578301929190610c63565b634e487b7160e01b825260118b528582fd5b634e487b7160e01b835260328c528683fd5b634e487b7160e01b815260328a528490fd5b634e487b7160e01b8152603289528390fd5b83898993878a8e959443861115610ee55750938697937f3040467dfbe9e4030b04e5c182272fc38319827bb3a7dda122f52cdc5093207d9360a093600599898b99610e2c600154611918565b9c8d9384600155848352878152600a8484209d8e878155600381019e8f5560028101986001600160601b038e1b90818b5416178a5560018201903390825416179055612710610e84600354610e7f611de1565b611a31565b049a81019a8b55019d8e439055600681019a8b558460078201558460088201558460098201550161ffff1981541690553383525220555416945495549154905490875192898452338b8501528884015260608301526080820152a351908152f35b8460356084928a8a519362461bcd60e51b85528401528201527f65787465726e616c2070726f706f73616c2068617320616c726561647920656e604482015274191959081bdc88191bd95cc81b9bdd08195e1a5cdd605a1b6064820152fd5b9091508881813d8311610f6c575b610f5c81836117aa565b8101031261077f57519038610c0c565b503d610f52565b875162461bcd60e51b8152808801879052603260248201527f64656c656761746520646f6573206e6f7420686176652065787465726e616c206044820152712220a7903932b83932b9b2b73a30ba34b7b760711b6064820152608490fd5b610ff2919250893d8b11610ff9575b610fea81836117aa565b8101906118c9565b9038610b66565b503d610fe0565b9493955050505081813d831161103b575b61101b81836117aa565b8101031261077f5751848116810361077f578a9189918b87610b59610b30565b503d611011565b8b513d8a823e3d90fd5b885162461bcd60e51b81526020818a0152601960248201527f70726f706f73616c20616c72656164792070726f706f736564000000000000006044820152606490fd5b885162461bcd60e51b81526020818a0152602160248201527f65787465726e616c2044414f2061646472657373206973206e6f742076616c696044820152601960fa1b6064820152608490fd5b875162461bcd60e51b8152602081890152602760248201527f726570726573656e746174696f6e20726571756972656420746f207374617274604482015266206120766f746560c81b6064820152608490fd5b634e487b7160e01b845260118652602484fd5b80fd5b50823461048a57606036600319011261048a57813590602490813560ff8116918282036113dd576044359267ffffffffffffffff9687851161077b573660238601121561077b578481013597881161077b573686898701011161077b576111ab87611a44565b6111b481611852565b6113a857600282116113725786895280602052828920936111d9600586015433611bf8565b906001600160601b03821695861561133057338c52600b8101602052858c209360ff8554166112fe575084928b989694926001927fb8e138887d0aa13bab447e82de9d5c1777041ecd21ca36ba824ff1e6c07ddda49c9b9997156000146112bd5760080161124888825461193d565b90555b61ff006dffffffffffffffffffffffff000085549360101b16926dffffffffffffffffffffffffffff19169160081b16171717905581519687526020870152850152608060608501528260808501520160a08301378360a0848301015260a0813394601f80199101168101030190a280f35b8584036112d9576007016112d288825461193d565b905561124b565b600286146112e8575b5061124b565b6009016112f688825461193d565b90558e6112e2565b606490600d8b60208a519362461bcd60e51b85528401528201526c185b1c9958591e481d9bdd1959609a1b6044820152fd5b855162461bcd60e51b8152602081860152601a818b01527f63616c6c657220646f6573206e6f74206861766520766f7465730000000000006044820152606490fd5b606490601187602086519362461bcd60e51b855284015282015270696e76616c696420766f7465207479706560781b6044820152fd5b606490601087602086519362461bcd60e51b85528401528201526f1d9bdd1a5b99c81a5cc818db1bdcd95960821b6044820152fd5b8680fd5b5082903461048a57602036600319011261048a577f5f6b9a36f0cda802913c0834cfad665f2efc60b4b887a0bf050b62d28d7e087790359161142d60018060a01b038554163314611b93565b6003548151908152836020820152a160035580f35b50919034611142576020366003190112611142575061146360209235611a44565b90519061146f81611852565b8152f35b50919034611142576020366003190112611142575061146360209235611ad1565b82843461048e578060031936011261048e576020906114bd6114b4611837565b60243590611e96565b90519015158152f35b503461048e576020908160031936011261048a578254813591906001600160a01b031680156115ca57330361159357600261150083611a44565b61150981611852565b1461155057938394827fde0cea2a3a0097cc3d981d40c375407760e85bc9c5e69aea449ac3885f8615c695528352600a81862001600160ff1982541617905551908152a180f35b845162461bcd60e51b8152908101839052601d60248201527f63616e6e6f74207665746f2065786563757465642070726f706f73616c0000006044820152606490fd5b845162461bcd60e51b8152908101839052601160248201527031b0b63632b9103737ba103b32ba37b2b960791b6044820152606490fd5b855162461bcd60e51b815280830185905260116024820152701d995d1bc81c1bddd95c88189d5c9b9959607a1b6044820152606490fd5b82843461048e57602036600319011261048e5760209181906001600160a01b03611629611837565b1681526005845220549051908152f35b82843461048e578160031936011261048e57805161168e9161165a8261178e565b601f82527f66656465726174696f6e206d756c74692d746f6b656e2064656c6567617465006020830152519182918261180b565b0390f35b918491503461023a57602036600319011261023a579081816101809560ff9435815282602052209081549260018060a01b0391826001850154169260028501541690600385015490850154600586015491600687015493600788015495600889015497600a60098b01549a01549a8d5260208d01528b015260608a0152608089015260a088015260c087015260e0860152610100850152610120840152818116151561014084015260081c161515610160820152f35b6060810190811067ffffffffffffffff82111761176457604052565b634e487b7160e01b600052604160045260246000fd5b67ffffffffffffffff811161176457604052565b6040810190811067ffffffffffffffff82111761176457604052565b90601f8019910116810190811067ffffffffffffffff82111761176457604052565b67ffffffffffffffff811161176457601f01601f191660200190565b60005b8381106117fb5750506000910152565b81810151838201526020016117eb565b6040916020825261182b81518092816020860152602086860191016117e8565b601f01601f1916010190565b600435906001600160a01b038216820361184d57565b600080fd5b6004111561185c57565b634e487b7160e01b600052602160045260246000fd5b604090600319011261184d576004356001600160a01b038116810361184d579060243590565b9181601f8401121561184d5782359167ffffffffffffffff831161184d576020808501948460051b01011161184d57565b9081602091031261184d57516001600160601b038116810361184d5790565b3d15611913573d906118f9826117cc565b9161190760405193846117aa565b82523d6000602084013e565b606090565b60001981146119275760010190565b634e487b7160e01b600052601160045260246000fd5b9190820180921161192757565b90815181101561195b570160200190565b634e487b7160e01b600052603260045260246000fd5b8015611a135780816000925b6119fd575061198b826117cc565b9161199960405193846117aa565b80835281601f196119a9836117cc565b013660208601375b6119ba57505090565b6000198101908111611927578091600a91603083830681018091116119275760f81b6001600160f81b03191660001a906119f4908661194a565b530490816119b1565b9091611a0a600a91611918565b9291048061197d565b50604051611a208161178e565b60018152600360fc1b602082015290565b8181029291811591840414171561192757565b8060015410611a975760005260046020526040600020600a81015460ff8116600014611a71575050600390565b60081c60ff1615611a825750600290565b60060154431115611a9257600190565b600090565b60405162461bcd60e51b81526020600482015260126024820152711c1c9bdc1bdcd85b081b9bdd08199bdd5b9960721b6044820152606490fd5b8060015410611b5857600052600460205260406000206007810154600882015491611afc838361193d565b906004611b0e6009830154809461193d565b91015411611b5057828282119182611b46575b5050611b3f57808211611b385711611a9257600390565b5050600190565b5050600290565b1190508238611b21565b505050600390565b60405162461bcd60e51b81526020600482015260136024820152721a5b9d985b1a59081c1c9bdc1bdcd85b081a59606a1b6044820152606490fd5b15611b9a57565b60405162461bcd60e51b815260206004820152600b60248201526a7665746f6572206f6e6c7960a81b6044820152606490fd5b919081101561195b5760051b0190565b9190916001600160601b038080941691160191821161192757565b6000918291600754915b828410611c10575050505090565b9091929384600052600660209080825260408060002091815193611c3385611748565b835460ff811615801587526001600160a01b03600892831c811684890152600196870154978601979097528990611d1d57508582918c6000528483528560002054901c169560248551809881936370a0823160e01b83528d1660048301525afa948515611d1257600095611ce1575b5060008a8152919052200154611ccc92916001600160601b0391611cc591611a31565b1690611bdd565b935b6001810180911161192757929190611c02565b90948582813d8311611d0b575b611cf881836117aa565b8101031261114257505193611cc5611ca2565b503d611cee565b83513d6000823e3d90fd5b60008c815284845285902054855163782d6fe160e01b81526001600160a01b0392909216600480840191909152602483018b9052969897919594939283928792604492849291901c165afa938415611d1257600094611dc2575b508a600052526001600160601b0380958192600020015416911602928316928303611dad575090611da791611bdd565b93611cce565b601190634e487b7160e01b6000525260246000fd5b81611dda9295503d8611610ff957610fea81836117aa565b9238611d77565b6000806007545b808210611df457505090565b90918260005260206006815260046040918060018060a01b03846000205460081c168451938480926318160ddd60e01b82525afa928315611e7f5750916001600160601b0391611e509493600092611e62575b5050169061193d565b91600181018091116119275790611de8565b611e789250803d10610ff957610fea81836117aa565b3880611e47565b513d6000823e3d90fd5b5190811515820361184d57565b60019081928254935b84811115611eb1575050505050600090565b600081815260046020526040808220600201546001600160a01b038681169116149184919083611ef9575b505050611ef157611eec90611918565b611e9f565b505050905090565b2060030154149050823880611edc56fe712ae1383f79ac853f8d882153778e0260ef8f03b504e2866e0593e04d2b291fa26469706673582212205bbe7709602e71ee5069e097ef394cbb9e80664481b1c33b57f952f4b18753fc64736f6c63430008110033
1b7844cfae4c823ac6389855d47106a70c84f067,0x608060405273ffffffffffffffffffffffffffffffffffffffff600054167fa619486e0000000000000000000000000000000000000000000000000000000060003514156050578060005260206000f35b3660008037600080366000845af43d6000803e60008114156070573d6000fd5b3d6000f3fea2646970667358221220d1429297349653a4918076d650332de1a1068c5f3e07c5c82360c277770b955264736f6c63430007060033
225ac191fd2fef3b24e93b5c5175cdd7e0c35422,0x608060405273ffffffffffffffffffffffffffffffffffffffff600054167fa619486e0000000000000000000000000000000000000000000000000000000060003514156050578060005260206000f35b3660008037600080366000845af43d6000803e60008114156070573d6000fd5b3d6000f3fea265627a7a72315820d8a00dc4fe6bf675a9d7416fc2d00bb3433362aa8186b750f76c4027269667ff64736f6c634300050e0032
24d7a9daf84a3f30b279b931a732f58c4eb0e52b,0x608060405273ffffffffffffffffffffffffffffffffffffffff600054167fa619486e0000000000000000000000000000000000000000000000000000000060003514156050578060005260206000f35b3660008037600080366000845af43d6000803e60008114156070573d6000fd5b3d6000f3fea2646970667358221220d1429297349653a4918076d650332de1a1068c5f3e07c5c82360c277770b955264736f6c63430007060033
2573c60a6d127755aa2dc85e342f7da2378a0cc5,0x608060405273ffffffffffffffffffffffffffffffffffffffff600054167fa619486e0000000000000000000000000000000000000000000000000000000060003514156050578060005260206000f35b3660008037600080366000845af43d6000803e60008114156070573d6000fd5b3d6000f3fea265627a7a72315820d8a00dc4fe6bf675a9d7416fc2d00bb3433362aa8186b750f76c4027269667ff64736f6c634300050e0032
2a019853a00ca3af202c262076da3308f606277f,0x608060405273ffffffffffffffffffffffffffffffffffffffff600054167fa619486e0000000000000000000000000000000000000000000000000000000060003514156050578060005260206000f35b3660008037600080366000845af43d6000803e60008114156070573d6000fd5b3d6000f3fea2646970667358221220d1429297349653a4918076d650332de1a1068c5f3e07c5c82360c277770b955264736f6c63430007060033
2a9f26da17e9af433ed65084ad3acef36b08b8a2,0x608060405273ffffffffffffffffffffffffffffffffffffffff600054167fa619486e0000000000000000000000000000000000000000000000000000000060003514156050578060005260206000f35b3660008037600080366000845af43d6000803e60008114156070573d6000fd5b3d6000f3fea2646970667358221220d1429297349653a4918076d650332de1a1068c5f3e07c5c82360c277770b955264736f6c63430007060033
2de5aad1bd26ec3fc4f64e95068c02d84df072c6,0x608060405273ffffffffffffffffffffffffffffffffffffffff600054167fa619486e0000000000000000000000000000000000000000000000000000000060003514156050578060005260206000f35b3660008037600080366000845af43d6000803e60008114156070573d6000fd5b3d6000f3fea2646970667358221220d1429297349653a4918076d650332de1a1068c5f3e07c5c82360c277770b955264736f6c63430007060033
31a50fd42b910c635e4d25b63b7b90fad1451695,0x608060405273ffffffffffffffffffffffffffffffffffffffff600054167fa619486e0000000000000000000000000000000000000000000000000000000060003514156050578060005260206000f35b3660008037600080366000845af43d6000803e60008114156070573d6000fd5b3d6000f3fea2646970667358221220d1429297349653a4918076d650332de1a1068c5f3e07c5c82360c277770b955264736f6c63430007060033
3852471d266d9e2222ca9fdd922bafc904dc49e5,0x608060405273ffffffffffffffffffffffffffffffffffffffff600054167fa619486e0000000000000000000000000000000000000000000000000000000060003514156050578060005260206000f35b3660008037600080366000845af43d6000803e60008114156070573d6000fd5b3d6000f3fea265627a7a72315820d8a00dc4fe6bf675a9d7416fc2d00bb3433362aa8186b750f76c4027269667ff64736f6c634300050e0032
385a7e8a44224b0b89eccd124a1b0417c97bc7fa,0x608060405273ffffffffffffffffffffffffffffffffffffffff600054167fa619486e0000000000000000000000000000000000000000000000000000000060003514156050578060005260206000f35b3660008037600080366000845af43d6000803e60008114156070573d6000fd5b3d6000f3fea265627a7a72315820d8a00dc4fe6bf675a9d7416fc2d00bb3433362aa8186b750f76c4027269667ff64736f6c634300050e0032
4455e8d956db0b0485df3d15bcfe7111dd47062a,0x608060405273ffffffffffffffffffffffffffffffffffffffff600054167fa619486e0000000000000000000000000000000000000000000000000000000060003514156050578060005260206000f35b3660008037600080366000845af43d6000803e60008114156070573d6000fd5b3d6000f3fea2646970667358221220d1429297349653a4918076d650332de1a1068c5f3e07c5c82360c277770b955264736f6c63430007060033
4c5816d9a83ddd60c6ef8d1bef23bd0fb920d8c5,0x608060405273ffffffffffffffffffffffffffffffffffffffff600054167fa619486e0000000000000000000000000000000000000000000000000000000060003514156050578060005260206000f35b3660008037600080366000845af43d6000803e60008114156070573d6000fd5b3d6000f3fea2646970667358221220d1429297349653a4918076d650332de1a1068c5f3e07c5c82360c277770b955264736f6c63430007060033
59153d065e435b28a0b6474d01e6576d957fe5ce,0x608060405273ffffffffffffffffffffffffffffffffffffffff600054167fa619486e0000000000000000000000000000000000000000000000000000000060003514156050578060005260206000f35b3660008037600080366000845af43d6000803e60008114156070573d6000fd5b3d6000f3fea2646970667358221220d1429297349653a4918076d650332de1a1068c5f3e07c5c82360c277770b955264736f6c63430007060033
5ca40836e6473a495148972a13dd9014797c0e92,0x608060405273ffffffffffffffffffffffffffffffffffffffff600054167fa619486e0000000000000000000000000000000000000000000000000000000060003514156050578060005260206000f35b3660008037600080366000845af43d6000803e60008114156070573d6000fd5b3d6000f3fea2646970667358221220d1429297349653a4918076d650332de1a1068c5f3e07c5c82360c277770b955264736f6c63430007060033
60232134f0a9177e5248bc44fc95c2c5efef8e1a,0x608080604052600436101561001357600080fd5b60003560e01c90816301495c1c146111f557508063042bc3de146111d757806306fdde031461114d57806312874688146110fc5780631626ba7e146110395780631c31f71014610fc05780633630593914610f4757806336ebdb3814610ecb57806338af3eed14610ea25780633be8ef3f14610e855780633e109a1914610e67578063715018a614610e0a57806386df10ff1461097b5780638da5cb5b146109525780638e6fad45146109345780638f859f421461090b57806393e54a6b14610891578063b296024d1461086d578063b97de68f14610834578063bc4cd08414610814578063d082fe17146107eb578063d317774e146103c9578063d50f1dec146103ab578063e45d5f3e1461035a578063e57066ca1461031a578063f2fde38b14610251578063fbfee876146102325763ff0bb0d91461015357600080fd5b3461021a57604036600319011261021a5761016c611284565b60405163013cf08b60e01b815260248035600483015290916101a0916001600160a01b039183918591829085165afa918215610226576000926101b5575b602083604051908152f35b90915082813d831161021f575b6101cc818361129a565b8101031261021a5760208201519081160361021a578061021261018060c06020940151926101fd6101408201611dbc565b5061020b6101608201611dbc565b5001611dbc565b5038806101aa565b600080fd5b503d6101c2565b6040513d6000823e3d90fd5b3461021a57600036600319011261021a57602060405163773594008152f35b3461021a57602036600319011261021a5761026a611284565b610272611374565b6001600160a01b039081169081156102c657600154826bffffffffffffffffffffffff60a01b821617600155167f8be0079c531659141344cd1fd0a4f28419497f9722a3daafe3b4186f6b6457e0600080a3005b60405162461bcd60e51b815260206004820152602660248201527f4f776e61626c653a206e6577206f776e657220697320746865207a65726f206160448201526564647265737360d01b6064820152608490fd5b3461021a57604036600319011261021a57610353610336611284565b610345600260005414156113cc565b600260005560243590611514565b6001600055005b3461021a57602036600319011261021a577f77aed0985629485c13bfd593822543f4bab8881be176ee9e6025762ecaa253016040600435610399611374565b806006558151908082526020820152a1005b3461021a57600036600319011261021a576020600654604051908152f35b608036600319011261021a576103dd611284565b60ff604435166044350361021a576001600160401b03806064351161021a5736602360643501121561021a57606435600401351161021a573660246064356004013560643501011161021a57610438600260005414156113cc565b60026000556104516001600160a01b0382161515611418565b61045d60243582611cf8565b1561079c57600260ff604435161161076057600554341061071c5760018060a01b03811660005260086020526040600020602435600052602052604060002080549160038201549160ff60045460a01c16848181020481148515171561070657606490850204840180851161070657341061069c576104e260ff8460a81c1615611464565b604051600162f44f2760e01b031981526001600160a01b03831660048201526024803590820152602081604481305afa60009181610668575b50610578576105286114a4565b5060405162461bcd60e51b815260206004820152602160248201527f4661696c65642067657474696e672070726f706f73616c20656e6420626c6f636044820152606b60f81b6064820152608490fd5b34825560ff60a01b60443560a01b1660ff60a01b1933166affffffffffffffffffffff60a81b861617176003830155600182015560024391015560405160ff604435168152346020820152336040820152608060608201526064356004013560808201526064356004013560246064350160a0830137600060a060643560040135830101527f6c9461c1cfed7740d3f3f993b1adb6e4b413e353ad747031a6f0b17fb7726d306024359260018060a01b03169160a081601f19601f6064356004013501168101030190a36001600160a01b03169081610658576001600055005b610661916114d4565b8080610353565b9091506020813d602011610694575b816106846020938361129a565b8101031261021a5751908661051b565b3d9150610677565b608460405162461bcd60e51b815260206004820152604060248201527f4d7573742073656e64206d6f7265207468616e206c617374206269642062792060448201527f6d696e426964496e6372656d656e7450657263656e7461676520616d6f756e746064820152fd5b634e487b7160e01b600052601160045260246000fd5b606460405162461bcd60e51b815260206004820152602060248201527f4d7573742073656e64206174206c65617374206d696e42696420616d6f756e746044820152fd5b60405162461bcd60e51b8152602060048201526014602482015273496e76616c696420737570706f7274207479706560601b6044820152606490fd5b60405162461bcd60e51b815260206004820152602160248201527f50726f706f73616c206973206e6f742070656e64696e67206f722061637469766044820152606560f81b6064820152608490fd5b3461021a57600036600319011261021a576003546040516001600160a01b039091168152602090f35b3461021a57600036600319011261021a576020604051642e90edd0008152f35b3461021a57604036600319011261021a57610353610850611284565b61085f600260005414156113cc565b600260005560243590611977565b3461021a57600036600319011261021a57602060ff60045460a01c16604051908152f35b3461021a57602036600319011261021a577feeb293e1f8f3a9db91ade748726387ed1352ca78f5430c5f06fe3d1e1ad505796108cb611284565b6108d3611374565b600380546001600160a01b0319166001600160a01b03929092169182179055604080518281526020810192909252819081015b0390a1005b3461021a57600036600319011261021a576004546040516001600160a01b039091168152602090f35b3461021a57600036600319011261021a576020600754604051908152f35b3461021a57600036600319011261021a576001546040516001600160a01b039091168152602090f35b3461021a5760c036600319011261021a576004356001600160401b03811161021a573660238201121561021a5780600401356109b68161135d565b916109c4604051938461129a565b81835260208301906024829360051b8201019036821161021a57602401915b818310610dea57505050602435906001600160401b03821161021a573660238301121561021a57816004013590610a198261135d565b92610a27604051948561129a565b828452602084016024819460051b8301019136831161021a57602401905b828210610dda575050506044356001600160401b03811161021a573660238201121561021a57806004013590610a7a8261135d565b90610a88604051928361129a565b82825260208201906024829460051b8201019036821161021a5760248101925b828410610dac57505050506001600160401b036064351161021a5736602360643501121561021a576064356004013593610ae18561135d565b91610aef604051938461129a565b8583526020830180963660248260051b60643501011161021a57602460643501915b60248260051b60643501018310610d77575050506084356001600160401b03811161021a57610b44903690600401611316565b60a435979095906001600160a01b038916890361021a576004546001600160a01b03163303610d4157604051636d4ab48d60e11b815260a06004820152995160a48b018190528a9897969594939260c48a01929160005b818110610d1f575050506020906003198a84030160248b0152519182815201929060005b818110610d065750505060031987830301604488015251808252602082019160208260051b82010194926000915b838310610ccf57505050505060031985830301606486015251808252602082019160208260051b82010194926000915b838310610c9c57878703600319016084890152876020818b81600081610c438e8e6112d6565b03926001600160a01b03165af1801561022657600090610c69575b602090604051908152f35b506020813d602011610c94575b81610c836020938361129a565b8101031261021a5760209051610c5e565b3d9150610c76565b91939650919394602080610cbc600193601f198682030187528a516112d6565b9801930193019092889695949293610c1d565b919396979850919394602080610cf1600193601f198682030187528a516112d6565b98019301930190928a98979695949293610bed565b825185528b995060209485019490920191600101610bbf565b82516001600160a01b031685528d9b5060209485019490920191600101610b9b565b60405162461bcd60e51b815260206004820152600e60248201526d5375626d6974746572206f6e6c7960901b6044820152606490fd5b8235906001600160401b03821161021a5760208091610d9f6024948536916064350101611316565b8152019301929050610b11565b6001600160401b0384351161021a5760208091610dcf3660248835870101611316565b815201930192610aa8565b8135815260209182019101610a45565b82356001600160a01b038116810361021a578152602092830192016109e3565b3461021a57600036600319011261021a57610e23611374565b600180546001600160a01b031981169091556000906001600160a01b03167f8be0079c531659141344cd1fd0a4f28419497f9722a3daafe3b4186f6b6457e08280a3005b3461021a57600036600319011261021a576020600554604051908152f35b3461021a57600036600319011261021a576020604051618ca08152f35b3461021a57600036600319011261021a576002546040516001600160a01b039091168152602090f35b3461021a57602036600319011261021a5760043560ff81169081810361021a577f0ade66b49969898cbfa1f0d478364f2552fda679597b9a19c76f1cf4207a287691604091610f18611374565b6004805460ff60a01b191660a092831b60ff60a01b1617908190558351911c60ff1681526020810191909152a1005b3461021a57602036600319011261021a577f0b58a643e259107d3f251effee8248c1dc89b4530c88dd514960273e8961e481610f81611284565b610f89611374565b600480546001600160a01b0319166001600160a01b0392909216918217905560408051828152602081019290925281908101610906565b3461021a57602036600319011261021a577f6b73ba97679a45fa03de9ae7002a53163e4c0c6cdcb3ae225dd5fffd555181f2610ffa611284565b611002611374565b600280546001600160a01b0319166001600160a01b0392909216918217905560408051828152602081019290925281908101610906565b3461021a57604036600319011261021a576024356001600160401b03811161021a57611069903690600401611316565b6003546000916001600160a01b039091169081156110b75761108e9160043590611b18565b6110a9575b6040516001600160e01b03199091168152602090f35b50630b135d3f60e11b611093565b60405162461bcd60e51b815260206004820152601760248201527f417070726f766564207369676e6572206e6f74207365740000000000000000006044820152606490fd5b3461021a57602036600319011261021a577fd4420e2ede06c8ec744d7935828ce668b6901be78f6512ed5d9f84dd9564f8df604060043561113b611374565b806005558151908082526020820152a1005b3461021a57600036600319011261021a5760405160408101908082106001600160401b038311176111c1576111bd91604052601781527f46656465726174696f6e2044656c65676174652042696400000000000000000060208201526040519182916020835260208301906112d6565b0390f35b634e487b7160e01b600052604160045260246000fd5b3461021a57600036600319011261021a57602060405162030d408152f35b3461021a57604036600319011261021a5760e09060ff6001600160a01b038061121c611284565b16600052600860205260406000206024356000526020526040600020908154916001810154600360028301549201549386526020860152604085015281166060840152818160a01c166080840152818160a81c16151560a084015260b01c16151560c0820152f35b600435906001600160a01b038216820361021a57565b90601f801991011681019081106001600160401b038211176111c157604052565b6001600160401b0381116111c157601f01601f191660200190565b919082519283825260005b848110611302575050826000602080949584010152601f8019910116010190565b6020818301810151848301820152016112e1565b81601f8201121561021a5780359061132d826112bb565b9261133b604051948561129a565b8284526020838301011161021a57816000926020809301838601378301015290565b6001600160401b0381116111c15760051b60200190565b6001546001600160a01b0316330361138857565b606460405162461bcd60e51b815260206004820152602060248201527f4f776e61626c653a2063616c6c6572206973206e6f7420746865206f776e65726044820152fd5b156113d357565b60405162461bcd60e51b815260206004820152601f60248201527f5265656e7472616e637947756172643a207265656e7472616e742063616c6c006044820152606490fd5b1561141f57565b60405162461bcd60e51b815260206004820152601860248201527f44414f2061646472657373206973206e6f742076616c696400000000000000006044820152606490fd5b1561146b57565b60405162461bcd60e51b8152602060048201526011602482015270159bdd1948185b1c9958591e4818d85cdd607a1b6044820152606490fd5b3d156114cf573d906114b5826112bb565b916114c3604051938461129a565b82523d6000602084013e565b606090565b8147106115065760008080808585620186a0f1156114f0575050565b601691600b916000526073825360ff602053f050565b63b12d13eb6000526004601cfd5b905a6001600160a01b0392831692906000611530851515611418565b604091825191631f27a4f360e11b83526004958087850152602096602494888187818d5afa90811561196d578491611940575b50600981101561192e576001036118e1578883526008885285832082845288528583209485541515806118d2575b15611886576001860154600654810390811161187457431061180c57600386019182546115c460ff8260a81c1615611464565b43600289015410156117ac5760ff60a81b1916600160a81b178084558b3b156117a857908560ff60448e9594838d519788948593630acf027160e31b85528c8986015260a01c16888401525af1801561179e5761176f575b50505054977f530751216f7b1ed8586c79759d3c12ea7c29565d484512af313c3787d7afdac2606086549a8989519160ff8160a01c1683528d8d8401521689820152a347801561176557818080926007548b81111560001461175d57955b642e90edd00048811061175257506377359400485b013a81106117485750618ca03a915b5a90030162030d408082116117405750905b02908082116117385750995b8a86019080821161173157505b8180808084325af1966116da6114a4565b5054038098600254165af1946116ee6114a4565b5083519687528601521515908401526060830152151560808201527fdcea780a1dde82a82fb04cade0bc656a9011b7c533ba9c0b42021464d0531f7a60a03292a2565b90506116c9565b9050996116bc565b9050906116b0565b618ca0909161169e565b63773594009061168f565b508a9561167a565b5050505050505050565b6001600160401b03839694961161178d57505086529138808061161c565b634e487b7160e01b84526041905282fd5b89513d88823e3d90fd5b8580fd5b5060366084928b8a519362461bcd60e51b85528401528201527f566f74652063616e6e6f74206265206361737420696e207468652073616d6520604482015275626c6f636b207468652062696420776173206d61646560501b6064820152fd5b865162461bcd60e51b8152918201899052603a908201527f566f74652063616e206f6e6c79206265206361737420647572696e672074686560448201527f2070726f706f73616c20657865637574696f6e2077696e646f770000000000006064820152608490fd5b50634e487b7160e01b84526011825283fd5b865162461bcd60e51b81529182018990526021908201527f426964206e6f74206f66666572656420666f7220746869732070726f706f73616044820152601b60fa1b6064820152608490fd5b50876003870154161515611591565b855162461bcd60e51b81529081018890526022818601527f566f74696e6720697320636c6f73656420666f7220746869732070726f706f73604482015261185b60f21b6064820152608490fd5b634e487b7160e01b8452602182528584fd5b6119609150893d8b11611966575b611958818361129a565b810190611ce0565b38611563565b503d61194e565b87513d86823e3d90fd5b9060018060a01b03808316600052602092600884526040928360002081600052855283600020926003840191825491821693843303611ac55760ff8360b01c16611a8a576119cb60ff8460a81c1615611464565b479554809610611a4657906119df91611cf8565b15611a2857845162461bcd60e51b815260048101879052601860248201527f526566756e642063616e6e6f7420626520636c61696d656400000000000000006044820152606490fd5b60ff60b01b1916600160b01b179055611a4493509091506114d4565b565b865162461bcd60e51b815260048101899052601e60248201527f496e73756666696369656e742062616c616e636520746f20726566756e6400006044820152606490fd5b865162461bcd60e51b8152600481018990526014602482015273109a5908185b1c9958591e481c99599d5b99195960621b6044820152606490fd5b865162461bcd60e51b815260048101899052602660248201527f4f6e6c7920746865206269646465722063616e20636c61696d207468656972206044820152651c99599d5b9960d21b6064820152608490fd5b9091611b248184611bf3565b6005811015611bdd57159081611bc7575b50611bbf576000918291604051611b7e81611b706020820194630b135d3f60e11b998a875260248401526040604484015260648301906112d6565b03601f19810183528261129a565b51915afa90611b8b6114a4565b82611bb3575b82611b9b57505090565b90915060208180518101031261021a57602001511490565b80516020149250611b91565b505050600190565b6001600160a01b03848116911614905038611b35565b634e487b7160e01b600052602160045260246000fd5b906041815114600014611c2157611c1d916020820151906060604084015193015160001a90611c2b565b9091565b5050600090600290565b9291907f7fffffffffffffffffffffffffffffff5d576e7357a4501ddfe92f46681b20a08311611cd45760ff16601b81141580611cc9575b611cbd579160809493916020936040519384528484015260408301526060820152600093849182805260015afa15611cb05781516001600160a01b03811615611caa579190565b50600190565b50604051903d90823e3d90fd5b50505050600090600490565b50601c811415611c63565b50505050600090600390565b9081602091031261021a5751600981101561021a5790565b604051631f27a4f360e11b80825260048201849052926020926001600160a01b031691908382602481865afa91821561022657600092611d9d575b506009821015611bdd576024849215956040519485938492835260048301525afa91821561022657600092611d80575b50506009811015611bdd578115611d78575090565b600191501490565b611d969250803d1061196657611958818361129a565b3880611d63565b611db5919250843d861161196657611958818361129a565b9038611d33565b5190811515820361021a5756fea26469706673582212203ba2cd0096b5bea52a790ac013bbc5836d50708912f42457eeb2881d3923bc6e64736f6c63430008110033
6a693a682f8cfea669c3170814d875107cb3accb,0x608060405273ffffffffffffffffffffffffffffffffffffffff600054167fa619486e0000000000000000000000000000000000000000000000000000000060003514156050578060005260206000f35b3660008037600080366000845af43d6000803e60008114156070573d6000fd5b3d6000f3fea2646970667358221220d1429297349653a4918076d650332de1a1068c5f3e07c5c82360c277770b955264736f6c63430007060033
6ff24d911037d9914253a53a4e522adacf8b9149,0x608060405273ffffffffffffffffffffffffffffffffffffffff600054167fa619486e0000000000000000000000000000000000000000000000000000000060003514156050578060005260206000f35b3660008037600080366000845af43d6000803e60008114156070573d6000fd5b3d6000f3fea2646970667358221220d1429297349653a4918076d650332de1a1068c5f3e07c5c82360c277770b955264736f6c63430007060033
7825d1967c8dc8a315e59893499f0b0a00ed0e5d,0x608060405273ffffffffffffffffffffffffffffffffffffffff600054167fa619486e0000000000000000000000000000000000000000000000000000000060003514156050578060005260206000f35b3660008037600080366000845af43d6000803e60008114156070573d6000fd5b3d6000f3fea2646970667358221220d1429297349653a4918076d650332de1a1068c5f3e07c5c82360c277770b955264736f6c63430007060033
7aef304896f884f23881b783d6a8d8e80a7e3c75,0x6080604052600436106100295760003560e01c80631626ba7e146100a6578063a2c0625b146100e3575b336001600160a01b037f00000000000000000000000057aa7ded5187c423ad8b3bd5c91f2211cd97b2a3161461005e57600080fd5b7f0000000000000000000000006f3e6272a167e8accb32072d08e0957f9c79223d366000803760008036600034855af13d6000803e80801561009f573d6000f35b3d6000fd5b005b3480156100b257600080fd5b506100c66100c13660046102a0565b610103565b6040516001600160e01b0319909116815260200160405180910390f35b3480156100ef57600080fd5b506100a46100fe3660046102ec565b6101a1565b604051630e2f57fb60e41b81526000906001600160a01b037f00000000000000000000000057aa7ded5187c423ad8b3bd5c91f2211cd97b2a3169063e2f57fb090610158903090889088908890600401610357565b602060405180830381865afa158015610175573d6000803e3d6000fd5b505050506040513d601f19601f820116820180604052508101906101999190610389565b949350505050565b336001600160a01b037f00000000000000000000000057aa7ded5187c423ad8b3bd5c91f2211cd97b2a316146101d657600080fd5b60405163c47f002760e01b815273084b1c3c81545d370f3634392de611caabff81489063c47f00279061020f90859085906004016103ba565b6020604051808303816000875af115801561022e573d6000803e3d6000fd5b505050506040513d601f19601f8201168201806040525081019061025291906103ce565b505050565b60008083601f84011261026957600080fd5b50813567ffffffffffffffff81111561028157600080fd5b60208301915083602082850101111561029957600080fd5b9250929050565b6000806000604084860312156102b557600080fd5b83359250602084013567ffffffffffffffff8111156102d357600080fd5b6102df86828701610257565b9497909650939450505050565b600080602083850312156102ff57600080fd5b823567ffffffffffffffff81111561031657600080fd5b61032285828601610257565b90969095509350505050565b81835281816020850137506000828201602090810191909152601f909101601f19169091010190565b60018060a01b038516815283602082015260606040820152600061037f60608301848661032e565b9695505050505050565b60006020828403121561039b57600080fd5b81516001600160e01b0319811681146103b357600080fd5b9392505050565b60208152600061019960208301848661032e565b6000602082840312156103e057600080fd5b505191905056fea2646970667358221220f713c761976839ac402290f1ee034e850f179aea67c3319fd22b579944fe7c0564736f6c63430008130033
830bd73e4184cef73443c15111a1df14e495c706,0x60806040526004361061005e5760003560e01c80635c60da1b116100435780635c60da1b146100a85780638f283970146100e6578063f851a440146101065761006d565b80633659cfe6146100755780634f1ef286146100955761006d565b3661006d5761006b61011b565b005b61006b61011b565b34801561008157600080fd5b5061006b6100903660046108dd565b610135565b61006b6100a33660046108f8565b610196565b3480156100b457600080fd5b506100bd610221565b60405173ffffffffffffffffffffffffffffffffffffffff909116815260200160405180910390f35b3480156100f257600080fd5b5061006b6101013660046108dd565b610276565b34801561011257600080fd5b506100bd6102ba565b610123610331565b61013361012e61041f565b610429565b565b61013d61044d565b73ffffffffffffffffffffffffffffffffffffffff163373ffffffffffffffffffffffffffffffffffffffff16141561018e5761018b8160405180602001604052806000815250600061048d565b50565b61018b61011b565b61019e61044d565b73ffffffffffffffffffffffffffffffffffffffff163373ffffffffffffffffffffffffffffffffffffffff161415610219576102148383838080601f0160208091040260200160405190810160405280939291908181526020018383808284376000920191909152506001925061048d915050565b505050565b61021461011b565b600061022b61044d565b73ffffffffffffffffffffffffffffffffffffffff163373ffffffffffffffffffffffffffffffffffffffff16141561026b5761026661041f565b905090565b61027361011b565b90565b61027e61044d565b73ffffffffffffffffffffffffffffffffffffffff163373ffffffffffffffffffffffffffffffffffffffff16141561018e5761018b816104b8565b60006102c461044d565b73ffffffffffffffffffffffffffffffffffffffff163373ffffffffffffffffffffffffffffffffffffffff16141561026b5761026661044d565b60606103248383604051806060016040528060278152602001610a1560279139610519565b9392505050565b3b151590565b61033961044d565b73ffffffffffffffffffffffffffffffffffffffff163373ffffffffffffffffffffffffffffffffffffffff161415610133576040517f08c379a000000000000000000000000000000000000000000000000000000000815260206004820152604260248201527f5472616e73706172656e745570677261646561626c6550726f78793a2061646d60448201527f696e2063616e6e6f742066616c6c6261636b20746f2070726f7879207461726760648201527f6574000000000000000000000000000000000000000000000000000000000000608482015260a4015b60405180910390fd5b600061026661062b565b3660008037600080366000845af43d6000803e808015610448573d6000f35b3d6000fd5b60007fb53127684a568b3173ae13b9f8a6016e243e63b6e8ee1178d6a717850b5d61035b5473ffffffffffffffffffffffffffffffffffffffff16919050565b61049683610653565b6000825111806104a35750805b15610214576104b283836102ff565b50505050565b7f7e644d79422f17c01e4894b5f4f588d331ebfa28653d42ae832dc59e38c9798f6104e161044d565b6040805173ffffffffffffffffffffffffffffffffffffffff928316815291841660208301520160405180910390a161018b816106a0565b6060833b6105a9576040517f08c379a000000000000000000000000000000000000000000000000000000000815260206004820152602660248201527f416464726573733a2064656c65676174652063616c6c20746f206e6f6e2d636f60448201527f6e747261637400000000000000000000000000000000000000000000000000006064820152608401610416565b6000808573ffffffffffffffffffffffffffffffffffffffff16856040516105d1919061097b565b600060405180830381855af49150503d806000811461060c576040519150601f19603f3d011682016040523d82523d6000602084013e610611565b606091505b50915091506106218282866107ac565b9695505050505050565b60007f360894a13ba1a3210667c828492db98dca3e2076cc3735a920a3ca505d382bbc610471565b61065c816107ff565b60405173ffffffffffffffffffffffffffffffffffffffff8216907fbc7cd75a20ee27fd9adebab32041f755214dbc6bffa90cc0225b39da2e5c2d3b90600090a250565b73ffffffffffffffffffffffffffffffffffffffff8116610743576040517f08c379a000000000000000000000000000000000000000000000000000000000815260206004820152602660248201527f455243313936373a206e65772061646d696e20697320746865207a65726f206160448201527f64647265737300000000000000000000000000000000000000000000000000006064820152608401610416565b807fb53127684a568b3173ae13b9f8a6016e243e63b6e8ee1178d6a717850b5d61035b80547fffffffffffffffffffffffff00000000000000000000000000000000000000001673ffffffffffffffffffffffffffffffffffffffff9290921691909117905550565b606083156107bb575081610324565b8251156107cb5782518084602001fd5b816040517f08c379a00000000000000000000000000000000000000000000000000000000081526004016104169190610997565b803b61088d576040517f08c379a000000000000000000000000000000000000000000000000000000000815260206004820152602d60248201527f455243313936373a206e657720696d706c656d656e746174696f6e206973206e60448201527f6f74206120636f6e7472616374000000000000000000000000000000000000006064820152608401610416565b807f360894a13ba1a3210667c828492db98dca3e2076cc3735a920a3ca505d382bbc610766565b803573ffffffffffffffffffffffffffffffffffffffff811681146108d857600080fd5b919050565b6000602082840312156108ef57600080fd5b610324826108b4565b60008060006040848603121561090d57600080fd5b610916846108b4565b9250602084013567ffffffffffffffff8082111561093357600080fd5b818601915086601f83011261094757600080fd5b81358181111561095657600080fd5b87602082850101111561096857600080fd5b6020830194508093505050509250925092565b6000825161098d8184602087016109e8565b9190910192915050565b60208152600082518060208401526109b68160408501602087016109e8565b601f017fffffffffffffffffffffffffffffffffffffffffffffffffffffffffffffffe0169190910160400192915050565b60005b83811015610a035781810151838201526020016109eb565b838111156104b2575050600091015256fe416464726573733a206c6f772d6c6576656c2064656c65676174652063616c6c206661696c6564a2646970667358221220ef159b24fbacafec89e747ae24d00ca4237d34591d8f3c3c5030135fc5ebf41764736f6c63430008060033
859483270ffef2f36dbab6401f858879520d37aa,0x608060405273ffffffffffffffffffffffffffffffffffffffff600054167fa619486e0000000000000000000000000000000000000000000000000000000060003514156050578060005260206000f35b3660008037600080366000845af43d6000803e60008114156070573d6000fd5b3d6000f3fea2646970667358221220d1429297349653a4918076d650332de1a1068c5f3e07c5c82360c277770b955264736f6c63430007060033
86030dbbce1c771ff6622c20455cd3619aa93c05,0x608060405273ffffffffffffffffffffffffffffffffffffffff600054167fa619486e0000000000000000000000000000000000000000000000000000000060003514156050578060005260206000f35b3660008037600080366000845af43d6000803e60008114156070573d6000fd5b3d6000f3fea2646970667358221220d1429297349653a4918076d650332de1a1068c5f3e07c5c82360c277770b955264736f6c63430007060033
8ae80e0b44205904be18869240c2ec62d2342785,0x608060405273ffffffffffffffffffffffffffffffffffffffff600054167fa619486e0000000000000000000000000000000000000000000000000000000060003514156050578060005260206000f35b3660008037600080366000845af43d6000803e60008114156070573d6000fd5b3d6000f3fea2646970667358221220d1429297349653a4918076d650332de1a1068c5f3e07c5c82360c277770b955264736f6c63430007060033
8ba68cfe71550efc8988d81d040473709b7f9218,0x608060405273ffffffffffffffffffffffffffffffffffffffff600054167fa619486e0000000000000000000000000000000000000000000000000000000060003514156050578060005260206000f35b3660008037600080366000845af43d6000803e60008114156070573d6000fd5b3d6000f3fea2646970667358221220d1429297349653a4918076d650332de1a1068c5f3e07c5c82360c277770b955264736f6c63430007060033
90dd9d99770fbdf2dea5cf367861e5eb41cfd222,0x608060405273ffffffffffffffffffffffffffffffffffffffff600054167fa619486e0000000000000000000000000000000000000000000000000000000060003514156050578060005260206000f35b3660008037600080366000845af43d6000803e60008114156070573d6000fd5b3d6000f3fea2646970667358221220d1429297349653a4918076d650332de1a1068c5f3e07c5c82360c277770b955264736f6c63430007060033
9298b97de93784635900163e582a5d9e570f35a5,0x608060405273ffffffffffffffffffffffffffffffffffffffff600054167fa619486e0000000000000000000000000000000000000000000000000000000060003514156050578060005260206000f35b3660008037600080366000845af43d6000803e60008114156070573d6000fd5b3d6000f3fea2646970667358221220d1429297349653a4918076d650332de1a1068c5f3e07c5c82360c277770b955264736f6c63430007060033
93757e12bfb1c0d4d2e319b621e27cb499bd35be,0x608060405273ffffffffffffffffffffffffffffffffffffffff600054167fa619486e0000000000000000000000000000000000000000000000000000000060003514156050578060005260206000f35b3660008037600080366000845af43d6000803e60008114156070573d6000fd5b3d6000f3fea2646970667358221220d1429297349653a4918076d650332de1a1068c5f3e07c5c82360c277770b955264736f6c63430007060033
93d94557824ac07a30b5b0f44f7cb3e00f9c4191,0x608060405273ffffffffffffffffffffffffffffffffffffffff600054167fa619486e0000000000000000000000000000000000000000000000000000000060003514156050578060005260206000f35b3660008037600080366000845af43d6000803e60008114156070573d6000fd5b3d6000f3fea2646970667358221220d1429297349653a4918076d650332de1a1068c5f3e07c5c82360c277770b955264736f6c63430007060033
a0bd285e164f209d1163f449dc376d17adcd25c2,0x608060405273ffffffffffffffffffffffffffffffffffffffff600054167fa619486e0000000000000000000000000000000000000000000000000000000060003514156050578060005260206000f35b3660008037600080366000845af43d6000803e60008114156070573d6000fd5b3d6000f3fea2646970667358221220d1429297349653a4918076d650332de1a1068c5f3e07c5c82360c277770b955264736f6c63430007060033
a3a8c29a7a805e6f73f4723849f7ce4fd4f4ba7d,0x608060405273ffffffffffffffffffffffffffffffffffffffff600054167fa619486e0000000000000000000000000000000000000000000000000000000060003514156050578060005260206000f35b3660008037600080366000845af43d6000803e60008114156070573d6000fd5b3d6000f3fea2646970667358221220d1429297349653a4918076d650332de1a1068c5f3e07c5c82360c277770b955264736f6c63430007060033
a6a8967a8dd2c283a9d06820070f1fe6b1c17666,0x363d3d3761004a603836393d3d3d3661004a013d73789e77acb0c846fcb64b75cfc4a83791935cb7ba5af43d82803e903d91603657fd5bf3f109d39a5e65318c733a37d84dc019159214c737247ddd5d171615ed665c5e74f5f93d5089ebf8ea0e6c1b69ed12f3bae99589823f0741f8766aa66b86b927a3ef5147955d9429280048
aafca6e684dbca42d8846d64abd1d28aee8207f3,0x608060405260043610601c5760003560e01c806356973ee514605f575b7f00000000000000000000000052010e220e5c8ef2217d86cfa58da51da39e8ec43660008037600080366000845af43d6000803e806059573d6000fd5b503d6000f35b348015606a57600080fd5b5060917f00000000000000000000000052010e220e5c8ef2217d86cfa58da51da39e8ec481565b6040516001600160a01b03909116815260200160405180910390f35b805160208201fdfea2646970667358221220f69f2432cca74aef79957f227310d20da733b89c622e991b4602ce9c8662c91364736f6c63430008110033
ae7f458667f1b30746354abc3157907d9f6fd15e,0x608060405273ffffffffffffffffffffffffffffffffffffffff600054167fa619486e0000000000000000000000000000000000000000000000000000000060003514156050578060005260206000f35b3660008037600080366000845af43d6000803e60008114156070573d6000fd5b3d6000f3fea265627a7a72315820d8a00dc4fe6bf675a9d7416fc2d00bb3433362aa8186b750f76c4027269667ff64736f6c634300050e0032
b88f61e6fbda83fbfffabe364112137480398018,0x608060405273ffffffffffffffffffffffffffffffffffffffff600054167fa619486e0000000000000000000000000000000000000000000000000000000060003514156050578060005260206000f35b3660008037600080366000845af43d6000803e60008114156070573d6000fd5b3d6000f3fea265627a7a72315820d8a00dc4fe6bf675a9d7416fc2d00bb3433362aa8186b750f76c4027269667ff64736f6c634300050e0032
bdd479d1c1a4238c49e6205ab971a61a970c78d7,0x3d3d3d3d363d3d37604160353639366041013d73176607d4ae51289221a76fb1df82125bb44546ba5af43d3d93803e603357fd5bf303b51826a4868780db375ee27e5b0adaac5274eea675709085ebc5d4a2b5ccb70ce4b7bcd7b95b1c9c8ff314c9bc7f6e59a9d9225fb22946427edc030101038e91
bf8060106d2e83c106915a575baea3dc90c892a6,0x608060405273ffffffffffffffffffffffffffffffffffffffff600054167fa619486e0000000000000000000000000000000000000000000000000000000060003514156050578060005260206000f35b3660008037600080366000845af43d6000803e60008114156070573d6000fd5b3d6000f3fea2646970667358221220d1429297349653a4918076d650332de1a1068c5f3e07c5c82360c277770b955264736f6c63430007060033
c1a75c35f861563c446e4b146381c6934d515168,0x608060405273ffffffffffffffffffffffffffffffffffffffff600054167fa619486e0000000000000000000000000000000000000000000000000000000060003514156050578060005260206000f35b3660008037600080366000845af43d6000803e60008114156070573d6000fd5b3d6000f3fea2646970667358221220d1429297349653a4918076d650332de1a1068c5f3e07c5c82360c277770b955264736f6c63430007060033
c67f7247bbdad2f71677e7117d2649a7426e2236,0x6080604052600436106100225760003560e01c80635c60da1b146100ac57610067565b3661006757604080516020808252600090820152339134917f606834f57405380c4fb88d1f4850326ad3885f014bab3b568dfbf7a041eef738910160405180910390a3005b7f000000000000000000000000ab00ea153c43575184ff11dd5e713c96be0055733660008037600080366000845af43d6000803e8080156100a7573d6000f35b3d6000fd5b3480156100b857600080fd5b506100e07f000000000000000000000000ab00ea153c43575184ff11dd5e713c96be00557381565b60405173ffffffffffffffffffffffffffffffffffffffff909116815260200160405180910390f3fea2646970667358221220b88a14f52e9d465328c9b3ab476e4b7fa40ed3615fd5409a6afc9885366e03a964736f6c63430008030033
cc2688350d29623e2a0844cc8885f9050f0f6ed5,0x608060405273ffffffffffffffffffffffffffffffffffffffff600054167fa619486e0000000000000000000000000000000000000000000000000000000060003514156050578060005260206000f35b3660008037600080366000845af43d6000803e60008114156070573d6000fd5b3d6000f3fea2646970667358221220d1429297349653a4918076d650332de1a1068c5f3e07c5c82360c277770b955264736f6c63430007060033
d1d1d4e36117ab794ec5d4c78cbd3a8904e691d0,0x608060405273ffffffffffffffffffffffffffffffffffffffff600054167fa619486e0000000000000000000000000000000000000000000000000000000060003514156050578060005260206000f35b3660008037600080366000845af43d6000803e60008114156070573d6000fd5b3d6000f3fea2646970667358221220d1429297349653a4918076d650332de1a1068c5f3e07c5c82360c277770b955264736f6c63430007060033
d5f279ff9eb21c6d40c8f345a66f2751c4eea1fb,0x6080604052600436106100ca5760003560e01c80636a42b8f811610079578063c1a287e211610056578063c1a287e214610222578063e177246e14610239578063f2b0653714610259578063f851a4401461029957005b80636a42b8f8146101de5780637d645fab146101f4578063b1b43ae51461020b57005b80633a66f901116100a75780633a66f901146101705780634dd18bf51461019e578063591fcdfe146101be57005b80630825f38f146100d35780630e18b68114610109578063267822471461011e57005b366100d157005b005b3480156100df57600080fd5b506100f36100ee366004610f7b565b6102c6565b604051610100919061114d565b60405180910390f35b34801561011557600080fd5b506100d1610752565b34801561012a57600080fd5b5060015461014b9073ffffffffffffffffffffffffffffffffffffffff1681565b60405173ffffffffffffffffffffffffffffffffffffffff9091168152602001610100565b34801561017c57600080fd5b5061019061018b366004610f7b565b610842565b604051908152602001610100565b3480156101aa57600080fd5b506100d16101b9366004610f59565b610a60565b3480156101ca57600080fd5b506100d16101d9366004610f7b565b610b6a565b3480156101ea57600080fd5b5061019060025481565b34801561020057600080fd5b5061019062278d0081565b34801561021757600080fd5b506101906202a30081565b34801561022e57600080fd5b506101906212750081565b34801561024557600080fd5b506100d161025436600461102c565b610cda565b34801561026557600080fd5b5061028961027436600461102c565b60036020526000908152604090205460ff1681565b6040519015158152602001610100565b3480156102a557600080fd5b5060005461014b9073ffffffffffffffffffffffffffffffffffffffff1681565b60005460609073ffffffffffffffffffffffffffffffffffffffff16331461035d576040805162461bcd60e51b81526020600482015260248101919091527f4e6f756e7344414f4578656375746f723a3a657865637574655472616e73616360448201527f74696f6e3a2043616c6c206d75737420636f6d652066726f6d2061646d696e2e60648201526084015b60405180910390fd5b600086868686866040516020016103789594939291906110f3565b604080517fffffffffffffffffffffffffffffffffffffffffffffffffffffffffffffffe081840301815291815281516020928301206000818152600390935291205490915060ff166104595760405162461bcd60e51b815260206004820152604560248201527f4e6f756e7344414f4578656375746f723a3a657865637574655472616e73616360448201527f74696f6e3a205472616e73616374696f6e206861736e2774206265656e20717560648201527f657565642e000000000000000000000000000000000000000000000000000000608482015260a401610354565b824210156104f55760405162461bcd60e51b815260206004820152604d60248201527f4e6f756e7344414f4578656375746f723a3a657865637574655472616e73616360448201527f74696f6e3a205472616e73616374696f6e206861736e2774207375727061737360648201527f65642074696d65206c6f636b2e00000000000000000000000000000000000000608482015260a401610354565b610502621275008461119d565b4211156105775760405162461bcd60e51b815260206004820152603b60248201527f4e6f756e7344414f4578656375746f723a3a657865637574655472616e73616360448201527f74696f6e3a205472616e73616374696f6e206973207374616c652e00000000006064820152608401610354565b600081815260036020526040902080547fffffffffffffffffffffffffffffffffffffffffffffffffffffffffffffff0016905584516060906105bb5750836105e7565b8580519060200120856040516020016105d592919061108f565b60405160208183030381529060405290505b6000808973ffffffffffffffffffffffffffffffffffffffff16898460405161061091906110d7565b60006040518083038185875af1925050503d806000811461064d576040519150601f19603f3d011682016040523d82523d6000602084013e610652565b606091505b5091509150816106f05760405162461bcd60e51b815260206004820152604560248201527f4e6f756e7344414f4578656375746f723a3a657865637574655472616e73616360448201527f74696f6e3a205472616e73616374696f6e20657865637574696f6e207265766560648201527f727465642e000000000000000000000000000000000000000000000000000000608482015260a401610354565b8973ffffffffffffffffffffffffffffffffffffffff16847fa560e3198060a2f10670c1ec5b403077ea6ae93ca8de1c32b451dc1a943cd6e78b8b8b8b60405161073d9493929190611160565b60405180910390a39998505050505050505050565b60015473ffffffffffffffffffffffffffffffffffffffff1633146107e1576040805162461bcd60e51b81526020600482015260248101919091527f4e6f756e7344414f4578656375746f723a3a61636365707441646d696e3a204360448201527f616c6c206d75737420636f6d652066726f6d2070656e64696e6741646d696e2e6064820152608401610354565b60008054337fffffffffffffffffffffffff0000000000000000000000000000000000000000918216811783556001805490921690915560405190917f71614071b88dee5e0b2ae578a9dd7b2ebbe9ae832ba419dc0242cd065a290b6c91a2565b6000805473ffffffffffffffffffffffffffffffffffffffff1633146108d05760405162461bcd60e51b815260206004820152603e60248201527f4e6f756e7344414f4578656375746f723a3a71756575655472616e736163746960448201527f6f6e3a2043616c6c206d75737420636f6d652066726f6d2061646d696e2e00006064820152608401610354565b6002546108dd904261119d565b8210156109785760405162461bcd60e51b815260206004820152605160248201527f4e6f756e7344414f4578656375746f723a3a71756575655472616e736163746960448201527f6f6e3a20457374696d6174656420657865637574696f6e20626c6f636b206d7560648201527f737420736174697366792064656c61792e000000000000000000000000000000608482015260a401610354565b600086868686866040516020016109939594939291906110f3565b604080517fffffffffffffffffffffffffffffffffffffffffffffffffffffffffffffffe081840301815282825280516020918201206000818152600390925291902080547fffffffffffffffffffffffffffffffffffffffffffffffffffffffffffffff00166001179055915073ffffffffffffffffffffffffffffffffffffffff88169082907f76e2796dc3a81d57b0e8504b647febcbeeb5f4af818e164f11eef8131a6a763f90610a4e908a908a908a908a90611160565b60405180910390a39695505050505050565b333014610afb5760405162461bcd60e51b815260206004820152604860248201527f4e6f756e7344414f4578656375746f723a3a73657450656e64696e6741646d6960448201527f6e3a2043616c6c206d75737420636f6d652066726f6d204e6f756e7344414f4560648201527f78656375746f722e000000000000000000000000000000000000000000000000608482015260a401610354565b600180547fffffffffffffffffffffffff00000000000000000000000000000000000000001673ffffffffffffffffffffffffffffffffffffffff83169081179091556040517f69d78e38a01985fbb1462961809b4b2d65531bc93b2b94037f3334b82ca4a75690600090a250565b60005473ffffffffffffffffffffffffffffffffffffffff163314610bf75760405162461bcd60e51b815260206004820152603f60248201527f4e6f756e7344414f4578656375746f723a3a63616e63656c5472616e7361637460448201527f696f6e3a2043616c6c206d75737420636f6d652066726f6d2061646d696e2e006064820152608401610354565b60008585858585604051602001610c129594939291906110f3565b604080517fffffffffffffffffffffffffffffffffffffffffffffffffffffffffffffffe081840301815282825280516020918201206000818152600390925291902080547fffffffffffffffffffffffffffffffffffffffffffffffffffffffffffffff00169055915073ffffffffffffffffffffffffffffffffffffffff87169082907f2fffc091a501fd91bfbff27141450d3acb40fb8e6d8382b243ec7a812a3aaf8790610cca908990899089908990611160565b60405180910390a3505050505050565b333014610d755760405162461bcd60e51b815260206004820152604160248201527f4e6f756e7344414f4578656375746f723a3a73657444656c61793a2043616c6c60448201527f206d75737420636f6d652066726f6d204e6f756e7344414f4578656375746f7260648201527f2e00000000000000000000000000000000000000000000000000000000000000608482015260a401610354565b6202a300811015610dee5760405162461bcd60e51b815260206004820152603c60248201527f4e6f756e7344414f4578656375746f723a3a73657444656c61793a2044656c6160448201527f79206d75737420657863656564206d696e696d756d2064656c61792e000000006064820152608401610354565b62278d00811115610e69576040805162461bcd60e51b81526020600482015260248101919091527f4e6f756e7344414f4578656375746f723a3a73657444656c61793a2044656c6160448201527f79206d757374206e6f7420657863656564206d6178696d756d2064656c61792e6064820152608401610354565b600281905560405181907f948b1f6a42ee138b7e34058ba85a37f716d55ff25ff05a763f15bed6a04c8d2c90600090a250565b600067ffffffffffffffff80841115610eb757610eb761120c565b604051601f85017fffffffffffffffffffffffffffffffffffffffffffffffffffffffffffffffe0908116603f01168101908282118183101715610efd57610efd61120c565b81604052809350858152868686011115610f1657600080fd5b858560208301376000602087830101525050509392505050565b803573ffffffffffffffffffffffffffffffffffffffff81168114610f5457600080fd5b919050565b600060208284031215610f6b57600080fd5b610f7482610f30565b9392505050565b600080600080600060a08688031215610f9357600080fd5b610f9c86610f30565b945060208601359350604086013567ffffffffffffffff80821115610fc057600080fd5b818801915088601f830112610fd457600080fd5b610fe389833560208501610e9c565b94506060880135915080821115610ff957600080fd5b508601601f8101881361100b57600080fd5b61101a88823560208401610e9c565b95989497509295608001359392505050565b60006020828403121561103e57600080fd5b5035919050565b6000815180845261105d8160208601602086016111dc565b601f017fffffffffffffffffffffffffffffffffffffffffffffffffffffffffffffffe0169290920160200192915050565b7fffffffff0000000000000000000000000000000000000000000000000000000083168152600082516110c98160048501602087016111dc565b919091016004019392505050565b600082516110e98184602087016111dc565b9190910192915050565b73ffffffffffffffffffffffffffffffffffffffff8616815284602082015260a06040820152600061112860a0830186611045565b828103606084015261113a8186611045565b9150508260808301529695505050505050565b602081526000610f746020830184611045565b8481526080602082015260006111796080830186611045565b828103604084015261118b8186611045565b91505082606083015295945050505050565b600082198211156111d7577f4e487b7100000000000000000000000000000000000000000000000000000000600052601160045260246000fd5b500190565b60005b838110156111f75781810151838201526020016111df565b83811115611206576000848401525b50505050565b7f4e487b7100000000000000000000000000000000000000000000000000000000600052604160045260246000fdfea26469706673582212201f43fbe78d679013524a9e90a4bae0c870a256d65704e21496cc4a4e21d9835864736f6c63430008060033
dcb4117e3a00632efcac3c169e0b23959f555e5e,0x608060405273ffffffffffffffffffffffffffffffffffffffff600054167fa619486e0000000000000000000000000000000000000000000000000000000060003514156050578060005260206000f35b3660008037600080366000845af43d6000803e60008114156070573d6000fd5b3d6000f3fea2646970667358221220d1429297349653a4918076d650332de1a1068c5f3e07c5c82360c277770b955264736f6c63430007060033
e087cc2689ffb5492dce338e10e4dbf0e9252c3c,0x608060405273ffffffffffffffffffffffffffffffffffffffff600054167fa619486e0000000000000000000000000000000000000000000000000000000060003514156050578060005260206000f35b3660008037600080366000845af43d6000803e60008114156070573d6000fd5b3d6000f3fea2646970667358221220d1429297349653a4918076d650332de1a1068c5f3e07c5c82360c277770b955264736f6c63430007060033
e749f61b19cc46fb94ab4c2aec57b6b459e6fd68,0x6080604052600436106100295760003560e01c80631626ba7e146100a6578063a2c0625b146100e3575b336001600160a01b037f00000000000000000000000057aa7ded5187c423ad8b3bd5c91f2211cd97b2a3161461005e57600080fd5b7f0000000000000000000000006f3e6272a167e8accb32072d08e0957f9c79223d366000803760008036600034855af13d6000803e80801561009f573d6000f35b3d6000fd5b005b3480156100b257600080fd5b506100c66100c13660046102a0565b610103565b6040516001600160e01b0319909116815260200160405180910390f35b3480156100ef57600080fd5b506100a46100fe3660046102ec565b6101a1565b604051630e2f57fb60e41b81526000906001600160a01b037f00000000000000000000000057aa7ded5187c423ad8b3bd5c91f2211cd97b2a3169063e2f57fb090610158903090889088908890600401610357565b602060405180830381865afa158015610175573d6000803e3d6000fd5b505050506040513d601f19601f820116820180604052508101906101999190610389565b949350505050565b336001600160a01b037f00000000000000000000000057aa7ded5187c423ad8b3bd5c91f2211cd97b2a316146101d657600080fd5b60405163c47f002760e01b815273084b1c3c81545d370f3634392de611caabff81489063c47f00279061020f90859085906004016103ba565b6020604051808303816000875af115801561022e573d6000803e3d6000fd5b505050506040513d601f19601f8201168201806040525081019061025291906103ce565b505050565b60008083601f84011261026957600080fd5b50813567ffffffffffffffff81111561028157600080fd5b60208301915083602082850101111561029957600080fd5b9250929050565b6000806000604084860312156102b557600080fd5b83359250602084013567ffffffffffffffff8111156102d357600080fd5b6102df86828701610257565b9497909650939450505050565b600080602083850312156102ff57600080fd5b823567ffffffffffffffff81111561031657600080fd5b61032285828601610257565b90969095509350505050565b81835281816020850137506000828201602090810191909152601f909101601f19169091010190565b60018060a01b038516815283602082015260606040820152600061037f60608301848661032e565b9695505050505050565b60006020828403121561039b57600080fd5b81516001600160e01b0319811681146103b357600080fd5b9392505050565b60208152600061019960208301848661032e565b6000602082840312156103e057600080fd5b505191905056fea2646970667358221220f713c761976839ac402290f1ee034e850f179aea67c3319fd22b579944fe7c0564736f6c63430008130033
e8d24be3abf6eb27b800f752a969d3c1e84fd401,0x608060405273ffffffffffffffffffffffffffffffffffffffff600054167fa619486e0000000000000000000000000000000000000000000000000000000060003514156050578060005260206000f35b3660008037600080366000845af43d6000803e60008114156070573d6000fd5b3d6000f3fea2646970667358221220d1429297349653a4918076d650332de1a1068c5f3e07c5c82360c277770b955264736f6c63430007060033
ee72ca0cdae499be75b87c0383b5c6abc8129ab6,0x608060405260043610601f5760003560e01c8063d7dfa0dd14606b576025565b36602557005b6040517f0000000000000000000000007b0fce54574d9746414d11367f54c9ab94e53dca9036600082376000803683855af43d806000843e8180156067578184f35b8184fd5b348015607657600080fd5b50609d7f0000000000000000000000007b0fce54574d9746414d11367f54c9ab94e53dca81565b60405173ffffffffffffffffffffffffffffffffffffffff909116815260200160405180910390f3fea264697066735822122013174273c18ed4bea127cbc0952900378004a1870c433d85adc8dafba30dae5764736f6c63430008050033
f894fea045eccb2927e2e0cb15c12debee9f2be8,0x608060405273ffffffffffffffffffffffffffffffffffffffff600054167fa619486e0000000000000000000000000000000000000000000000000000000060003514156050578060005260206000f35b3660008037600080366000845af43d6000803e60008114156070573d6000fd5b3d6000f3fea2646970667358221220d1429297349653a4918076d650332de1a1068c5f3e07c5c82360c277770b955264736f6c63430007060033
fb216faf1b1650c26b0cfdf879379ba46c3da66b,0x608060405273ffffffffffffffffffffffffffffffffffffffff600054167fa619486e0000000000000000000000000000000000000000000000000000000060003514156050578060005260206000f35b3660008037600080366000845af43d6000803e60008114156070573d6000fd5b3d6000f3fea2646970667358221220d1429297349653a4918076d650332de1a1068c5f3e07c5c82360c277770b955264736f6c63430007060033
fd4617981dfdf01a8a098bf2906d4b55af801d20,0x608060405273ffffffffffffffffffffffffffffffffffffffff600054167fa619486e0000000000000000000000000000000000000000000000000000000060003514156050578060005260206000f35b3660008037600080366000845af43d6000803e60008114156070573d6000fd5b3d6000f3fea2646970667358221220d1429297349653a4918076d650332de1a1068c5f3e07c5c82360c277770b955264736f6c63430007060033