address,pubkey
00029d35cb7ae09d38037355a046791d7b5e1645,512cf79f40cbde61e993f1f9013ddc46ffb09dd8cf95b87bf6219e7fb1c731af7062c2ddb32319261b1066b3741aa86eb425b0b718fe20039ec89c544c876238
000ab07b26c48ef3caf9ec23520d86794c9fd74a,35050831f24e270631d79e34d2ad5cc5e402c557e9cb2f4226f6289f7249faebac39c25f9768485c6df82880b2eeadb0e9cf5d77a8cd464638fc59fcdedacabc
0055cd5f017027d10adf4f13332181e6d8d886bb,a35ccc583536fb705691f113a25ace23e1d1c87d8e98a1e391b406f172f5eab550f69d12062ff1a298cde2ae5215a34517f3eedd54a7c235b4951beb868995de
008c84421da5527f462886cec43d2717b686a7e4,7367ffed2779e8766c6b3aa9f4f4ce2ca41dfe425afa5d2d6680b5c99fcb98818ba757ffda20a8bcc8c068be752a349ff739e799b95ef22f10f1c37e8f6d6a91
00cda37bfc3dd20349aa901fe8646688218d8772,3157332564e950cdc43a1e7885708e862528723d17294f7bf89f219aff13228aa493531198ebcd971ab9200184c35a03eb500404a66e5568b51995a653230375
013602ecb7d789a70ec02b0a0a8ddda916856ddb,1081e56f4289143daa747839a2b46b49976d564c5a28517d7a9744b65dd82d2c4c4990097831d80f7fa86858db76f5c47f2679eaad7a3660088c81477882f546
015be7b4eb2f2b52e21331a7c43b36dbaa3e02c1,0f04139dcc9cac28af7c847c2ccccbda36420e1c4a4006898048da0c79e0cf44314eea94f3364e08cc2d86d9316c7105f558bb0bdb2a4cd00a575b21c4792dc5
01db485f57dc000e761b85641f78c9d212a2eeab,b78f9cb556350f7acc4af950548e1fe1a7cf162f557e568f978eba88711e884c5d39e05eb83147d76a3656b07a9480fa4b8e319f546966d3b7295b1fc9fee1d1
020ca66c30bec2c4fe3861a94e4db4a498a35872,348f429f4f68407aa03cf3d1b2458d1c62c2fb5568152b1dbd10621dc12c62575c5bb72fc5fc324c06f36cff2add628d4f674f4cfd5e43647bdf59637612c456
021edd67d43b365a6401a5ee704aa6f264f3f4e4,d417dfbef9b5b79905980883f63ea5a14cd447cb25e80cdb446ace07b75c6b0ad45fa1ffdfeb5aff451668d3aa973fbe78abe113b4a1cf016d15976e645ff45c
03bc229a2f93dbaffbd7f1e527fa834f53c074a3,efadae16cb568003db7a0393e52cc235019ff2104991bc44aeeba2376f99123c76a40d6843c57513ffe64c7e5f9df5d30a948ca30d9f04698e03d9ae51efdef7
0470a9e093b653dc7d5f2a1c13574c533080c759,834f53da304919c1470fbc49d0506c6530ce6f3d91b3d15abb30afa452e24a2b845ec9f252bfca440918b43aeae94ef777c232ae8f67b87a3060ff2176397290
0478faec5bb44c02c3be28181de4d565ab139bbc,259b90d94e4af78b872c60f32fa2556875d0e155e9cc53927c873a7168de69b0d6517d237b818c0e375a9100d1534c4d746608baffedde4c52230ca4030fb6d9
047d0cb513a2ccb1ed44d4af271410a9c8d5248f,9bf62216616c949306a8b7a3e80bd3584e4cf4a89cafd13e2414f993f44d00964ff8864db0add7fd5029a630e79e7d3adb44b9a45f215975dcae33d93f2f4f5e
05781aa5be866373f4f85862da43a98b421c73da,20ff34a1d6cd7076c44f05c6d83d10e778a174c23d4ec02dcebb23940c3827a5f07adf081055d0413742953559af8d81412fd95b5444527467f72728ed3bd4cb
05a286e5165d72823a749b00b009a2af0dc36ff7,e5b873fc144c7b32a6c62b6ea00af71dd80e5c7e987dbe3278368068974cceea8fb5d59375af6973d44c73ab603eb902c556aabfc1a06686f8e4a64429788987
0617c2d8c901ab2b17b64072b0c7d4c76f6e8a91,92201092e7afa12d06d31898d869646986778f073968f30858b11d0690939ac7efcc73f3b0075dac235d9302c460e39db906ae4b8dd5b1dfb122ef82f4c3ce74
06aeae3d12ced2ff04d0694ed50f940637a64196,dfabf69c7b10d0b7335ba4292a7120fb830914a6334608c5f82caaea8499eea454e1f610a834540798bb6dd4f40de528b4d1478c5cc6af93d8977ff83358976c
0734d56da60852a03e2aafae8a36ffd8c12b32f1,50289e5f76e0254b246e46001400441706636eeadf2fde40b4a8c43830ef0504524ef232b0b104a0faafcd0bde50b3467a763f994ca5b2dd767173a3125a2aa8
0825cb1a6ab802cd2198ced1680f8220942dd947,3e78fb851f99455f2d4ef860c3aac45df9e2483a5348a0c39d74772f922b3475710cd905e3bcfcfcc1ed1ec921bc7f496d6dcdc554d273e12d5abc6733d00b8d
0857060fd3cd69dd317be663e82f503c31a98966,2548d93edc39dfa7531e63f371edbd05f70e62d75d452701deb5fcdbd34dd3d244e032a8be7b133801a41f45d16dc972da3efa13981cbbb3a8de7240dc96c9ee
08d816526bdc9d077dd685bd9fa49f58a5ab8e48,e543c26bb79b51b917f06bf0a18b64947e4e2d8e4e10d6837c16052a88381032ad89beb295365f37e7784ea11a39d9a4e88ee83be2c3fe4499777a03416bd484
0b3cf56e7df3bb3fb7201ffcd96d279b05ddd2e3,3ce5986e93b81de9db6a35397ccf801394f5be3e3f1f5ca9e19bb798b73b1c417e6acdde746755a87496e707532d81244dc0a70f906a8c98e59d1e0fc0b4f0cf
0bb71223a36253f9cb704a065099d2ffe187f85d,df91f42fde4f2f9ba5471bf2e1da523e342ead41356787cc4893648ae262a99269206634aa41ec2c0d86b33c5ccd274fb9e7d23a44678835a219a6e33aa029e1
0bc7fd075906c3a14428f9745743b5945d556896,4de52811ec6665622706c467854bbefcd7e17dd4a59d11c477592ed8c0788b9b7bb363dbf36d50016d9898f23dcab633c437cb166d242c490fe0395fff8cc958
0c046da9f5efdaf5eed98d5e8f5372183fb0ac9a,1a6e60cfcb7a64c8fd88973c5804cc95c43f25fbceba40436fa6da5b3e618e67e4ea052abb61ce76d429a13a20121fc9ba465cbd6ba2f9dbf76783fa4caed7d3
0c4423f0fce4ff6619dda8b75b1149eca594f880,b1077e82fae70eaf2a7a18ed49ae32854b965086aa7594d6a52e2e56feeb6f09c7c288864325a1ba73ba37db668fc29950c0694f626ea48b2a88b4ce28a14192
0c66d954d9cb1ebdf4e37a000262323c83655e70,acbb173cf730f5a97729d9ef9206fbc4f0f3ee29216f9bd5f7e04a24d0d5c223b847cbf9e5d94851a342c8ccf29632885d3c13379d2bf1b9359b2c8008eb0bee
0c775fe687bc11f265899d40542d2d065d10ad0b,df516cb69bc530cb4dc9de5519ef594fd76ff5e6dc58adf0f3f489da0f263bb92091b17e77aa35ccebf3dfd3976fb2731303e9613b1786c13ecff0629f412804
0d54e5297c0126d4edd7bc7bbefac7bee4b8d0fa,7f937caf8d331b94a645510eacbfd850bf78f1ffcd77030da64a449f321b1c06ad5fcd762316de2b63a97ee6a1167d1148ae582505cf53beffcc0e2c6bbf2971
0dbf836cb12b240e4029d4be55ff220f03121742,3c20557c56a419581f30daa57ade59f7a554ae928f0591bd642796b00c05e5e64f7f17b0bfd0b6787b4767295bc17d1b10e4aafe1d348a77c75a9a50351e0533
0f576fe0a916ca39ee929f0cc956cfc9d2a59c12,8cb396266b12291ab9b673ac2f517b8f8114da04cbd2d1869ec0d5b772aa2bc6a31d2d277407bed752d6dc62756c66ca3df4a50dad4f9cc544760e52df32cef4
106fc92125e9d44d5bd71fb15abcb2186ac86b79,33a5456b418d7f8cfa5e8a56f73a5bced38732e816de2c1540ff4018e2abc08478ab8f050f1b330487ddb042f77e6cabb6d088e9cde7f7db97a046ca3e67b623
10dec36b4ac9d3b60490dfe2799881287d4a74cc,07a4d55c58dee44ba4025e5a23597d117ec83dafdc9dcd734771852b70bc706de7b6f68ff9e525dc2ff938137da324d35202fc40ccfabc15b69df719b6c75ca0
10ec976c862a0e48c932fb53b5c542b5cbb13cf1,73950de83d52b09b94c7f221b176c098f47a1d693189b5949c0f8b9de1fd94e1a2947f0a5c18c7c0a3def17fb38371fc4a0fb602333f809308f8e4d7e0f81f06
11e6cca2383f80dd590fdbcadf8d62a96261dbe4,d2b23f8c14d306829dc7bd78bda64a2dd46d05847faa81695693661c808ef254ffd4cdab615fd369a126a19fa034f3af6fa8d9db16743f996304374cdaaf1668
1254958bd5073c6b238e516298f0c48f6f60a78e,f0c5abf12f5ce06610bc70f01c24d16569c4c1f49e9c13ef9bf01955fe732aeba8d23792e14315a49f7e50f87c4e9b8ccc7f7cbff9b1278e897f222cf73f1437
13eef4ef8fca471f242ab0f8f49a3db6017ada33,098dd48f5a3db9a9ea1694e6c8c2ea943fd58ae62987b084e663d76a11a94b2e7cbeafedf09947dc8da1d68527ad30e3a3c5f6a6f1bb57ce3092915f86beff15
141b63d93daf55bfb7f396eee6114f3a5d4a90b2,37c6ebdcb07fe1e007aa748a9368fd96961aeceb291c2183541d1a5b8c1ba65349000a7a69d17576f1fa65d728741f6e4b9dba9465073b1f99ec185c060a5f74
168cd7082a30c89af33d253bb0b27ed62b3e04a3,e5adf67ae3ca4a6e0dbe6274bd032b9845a4758c7a35f215dad1d37f551adfa1a4accdd6551672ee521351d80b8cc0735c3aa7083e98a55055995552fc04f9d5
16c20b66a1cf61adca96a571b1e23cd6831e4333,e5677639f2cefd3bc6f7a6dc88402ef9c160f1e370d786668b18a630592cf981b68606be7f6ef30e3e8bb7063b94a363956f0c87f7e5c0ffa30cb7663a983bfd
1766255e71a11f9f9d13abe3f2840e3f6942aa29,f05d74b93b0d6098abe1b287d852bdd4e6d86c3b1b33ab2509c87265ad8099f6aa1167b25848f2e4389eb93f5143ac3f122c58d2f0203322ae6715bb02abe311
177751396d8236569c5c7b04232c7b7281a3b9f3,90102d9d6eb2230792a91f02dd3158a70b2205d439a51db6db28a5b60d6ed051a3c0a23f7f397cafd929d85716c5288128e5d4b7ae08d2aad679164dcc07a4c9
17a01db837345772f2e65adf2fb4f4de10ac1b72,0f4b5a73d5081fe879621becf9983bb1d7291ea1f5a5d364a86493350916d531bd90a3b6e1dba657f58e486cf6757fb38ca8911b05b35fa9122a2fb22b6d1757
17ae58ab79444ad5b8ee2e232caf13c65c32af75,2542d93bd7ecdac2a92c0460aca1329fc9144f60400e4c5f43caeda0f6f04b1aef81759d81c7cf166ecb36ce4371ffaae75083792a70e30f7ba27d8739b9e509
17beaa158e68ff9225b4c85151831c7a0d8f258d,93ccce5ad31b97632dff954f169c09c186e30f23dd03ca7ec4431035abdec6fa878c01d09eb2bca5992a48c6012122b1492967c656602d500ba837f64d7c4a3e
17cd072cbd45031efc21da538c783e0ed3b25dcc,26fc94b82b502d44ec2dfc992134303be67d3b051abe1e312a85ce2ab80dff5e2af2142e27dfdc6d1783b3acfee5b6e1960b115acc9702b97045ea4f508074b1
181e1d0974ffaf070e8f3c458c1df0432bd936c7,b0e283b2aaded13a024d6ff1b5b7ff768351961eece4125c2ca73a5ae36ca85032a2e750449e2dc70c4751f9b0f1eb8f737f330139d78a8b0b23b21e9c141fd7
184e237b72665d359ff1e9a2ee98d1a7a16ee2e1,86edb1f3033ea1ace19902dce618fdcf17e7d37e8c56a7ad9b0e023dafbef5de8b0b144896203deef7dba50d6137ca66c9cea6851c729ac8f88141532fd60de2
18e804e61c44fd194753ce89b32a87acd8435a8d,58c8733511a3b4c929192edad414b49202d6a4d45a9b62a169dc26f54a997c31b8d30eef896c5b6d5b8621c458656e424e25860dfe7b657833a33097767ff4b6
1915d20497269b19952ebdf5e020e73e34b66004,0a628a201fa262b07d2cb3fe17457f1fbf9e79857e73289d91eaba93909f3d5cd215e56a65b74acc3472797bcdc771ee9f14e3191d531dba5b86039d65e02a34
193bb5dcb851ef8f75dbbd6950c962c3a5f4b0e3,5e86a643a2992ff9c8d90487487fd6aefd4457bf710ea869d8dc41fbc7b51e1e3ede2172777fe8d382a8563f63a595363b1bc3881970c54b851d441f0807fddd
1977c4b06a76c160eff920c67fbc0635124364c8,3af7e65183e1e1b052796cbc6a907a3c4d0f9db15627d86935650d3553ad508fc73b9e39bd8215eea9b7fe4097760123f6380627cbec6a08cb15961937eecf02
1a13c53d516f6e8321e9903f224861e74bbd7aa0,fd33a3e0f76670368cac8aad1b44d9629844eae4eaabdb7252d195f2ef1282b1c1456778a2486b81e373379a24b7cd5c09041df838aaec1c0af52c6eb9268640
1a4370fdd7173d0a41ff7c63a8e0249479ba0225,c9328648371f4ed3c99ff59deb6c18a59aa203d304f75eb642348e755a2cf666c32c026a6bd56625c111bec2c6a7ff29b03321dd07147b05de5a9dfaefd47030
1a4b0923b0f150b5fa8cdfb2138d0d78b1ec85fc,f67064a493a2453716c79dd8eb6127c6eff7a864e256e9cb36e30870d803d2f4f97eaddf15ecb23bfc917b24a28aaeb793d05c2c27ac58f38e34ade35e588d42
1b5ebe9ec8a5e312629cf347082eeb59d95ee0e0,cec757158c2f7f14e174127e48aea5d5156bda599b347829ec0339302d9f589c81c41ad4353ae0f7b449bcd7e87f0f0e7dcf5a0c183dc9ff994ea537c1d2d9af
1bde33dbc5c2ac7109c4a7ecf0d0a0a6cd6f57cc,e8d3ea870bc17b35346980a9929fbcf9fb402b9eb1b7b6212c028f1c526594cf48e2dc32dc9c244d0c6134b3e59d078ec61e2ce2be24f654593c2b7731feda0c
1d3bc1f9d3f9770453949abd619592cd7583c5ed,a4ff4c2738ce951b95a6b08be7b506d42655258080773562f7e13e0c0badcdc47b20ce820de5ff6c14d71cc8e7606995d75860c707f6258552a318a3a641e737
1db19b9903c5510aa5a866ea643eb021cd12bda0,70455adefa87d2fd7704f645f7d15f116863ac5de12fed906d4bef1c79f162bc2615bfc4dabcfb204392dbad82871e06ad9b523e30022f5e02b3ef0aa27d8ddd
1e341aa44c293d95d13d778492d417d1be4e63d5,7e4ae2db7b24520cb05d58b14397e66434361278a363bd2922b2034e3a4bc8607de03898b15fe389dfab66a8cf1467069a6712acfd41dac2d5e74f9e7651d225
1e45ed7ade15e25d560018b0ae8799acf7b4443c,2af2e59b954e419f6d45c0ff43be87cf0d87fbd4a5a08b7931cfdbbe8a3866c163824f2748fe8e918e9f1a2af866a129b3b7b0f4584bd23789a1d1acf750138a
1e593f141c90f8638ed657634cc62f5bdcf9cfeb,8188c7e86cb5563566ac4b0beb240e9aa5687596b761f3146ba259a321036a848f0abee8fac11a19a7affdbe4da0346083fa587f49b72d43b3837a823dc5dae9
1e66a3d0a6a327b1f29e8acf3a3d9e1e4e088683,b956cb753bdbeb7e6652dabc8087781e47c10e13ba91d2d47db29b6345157cd46ab4cad4ad073fabd020c73b4ae69efaa190443e5b697904937812c54992b123
1f49e1fae7b487d6bcb86d702b06ee7a45b72ee8,df77113813960afd4ffce80272a2ef591dafa98a46070c01ce10cdd25912e60e373992ddabd452b0420f137113144f0d036f5f984ffc1e90525e71081d153799
1f5f902be1f635b30425b690aa9fd5fa2b6fa79c,1672cad3702aa27735c8ca4c6628c686cb9e05b94b6e5c8528abc1be9b2dd7da770f4980b98d194bb2e4a02a8a9ed99ea3536bea113128436f9e07931d4a44f8
1fc477a65a675be2ba1cc6731b73446fbaa3ee71,b50b30842f33bc9d4d469d3297978fb85c3a9de9290702fee254d49d9e89d3e67837b4597036ae2360496b219fb864c64574930c16a87ce7233fdff451418a78
203cc9b81c53fd649bd575e0e19925dd1a2a54da,9555719b55b713511f1e10a841c1ab025e531ffabd50207ed2f6eb8309a0e80671c50a2d9e680dc2b09948def24e135e80ec5a3509ee552566882892440b886c
206901cea9bbdb957e4960e4603ee513196c347e,f1d55f32ed9c036ce651d9460522cf8f6e46f5cc2e25fa5db314b3802a763a0fb17ddcf8133227c7d05b0f8051e07a2b0b2d61238989facaa9eb46dc835941ac
2072c081c77a476c28d4b2e0f86ed8a789bd8078,b7e8134273315b58ccfb6da0a96e6cc95023f10372520b18b6bfb876b6b2ab2438f18028db6878f09fefd57e50cd8698548943e0a35148f2f93f0b3a89536cd8
21ebf74ca75e56c3379d16e3a2ef7c3cfe1729c1,dadfe548126ec028b0bb49b805036cdc3950ff922a9a325251ad01806124c6d33c4f7daa5f3d029d5ea1b2b4615ee11a1ded3d2682f119abc20c3c31cd591c3c
22dd884df8b5dee9b44472f0472dc42e56abee89,f391e25d58d0fa8359cf1b6afaedda780ed6802436ad5ae110b3b37637ae6b744c1e1de226ae2d96cd7a3bb5840a3062414eb3ccfb7b56fcac3a3d594e33ba08
231a07c825f052b895de5fd1513ce40d18e14af5,6d7a518cbb6096cc79c58b68914db0d550f7a60df823d524c520f31e1e2807b9931ed6a5fc01b5641be0c98855c0a927b69cb80702741f65e7e021b7c5090c99
241421f6b93592f7c9b23047049a36e5a8cd5e98,35a2d8fe4f57a4144fb506aefbe68bd83551fe17b7b09d644ad2a3bd70c2c4821e2ce2ae8ce8e9f7ffb4a08fdb932687b339eae8820ffa11ad24b8f191d1d454
247318ae65bd375f02bff7c3a0c5037c05560090,a1657da54aecaa709b87bc472338eecc35d94b356b4a75146a3d1727272c894cf5d3ea3dabe851d31e1ef5ea464bba6239be8d91d58d6aec6ced359509b1a8b6
25426e1df94a945cb66cc8fb2a64ee9f66a199fc,5e3554fe818e083a58ca2d57acb709c8358df4f6ef8cfd61b8120b718107ddcc691d28341c24f0953d88dc5811c4af8d3d58f4f17eb68fca4633974829fe404a
26648e3f7c7b12e55f6637f4bb5bd75314af943a,36ef53ef45627b7cb21865b37d9ef55ee431e2ebd95cce4e95c08ac12c1f6962357f910072a3d28be5b857f68cd3af3d83cf00b7d9712aeda2f46440689af003
2666f0c8fb58d182f2dd79475dca4a07b3724607,59c0c1aa38e3291f39b108b7d12ea141aa94aa3a4ef20146fa92ea3be99f8d1468ba97c2a8b11b11af38cb16d88fac68c02eeeb64a3effea0881431ea883f7db
2767edfee9f5ba743511ee4187a596b302b43938,00a262ddb9262a0c6201d0b0885541a669b9b974cbd390a8061985a0dd174a4639cb91e3fa7a242c9711e652717755b554667ec8234b113c0e1b685b0585704f
281ec184e704ce57570614c33b3477ec7ff07243,84646d81b38f1e8c89d91e440ab4fb99f0f98056613c5fed6a36d695ace82114f0a89282f57ed3eadd1e62c27ffb6dfcfdcbcd56d4b0920dcd1d022ecfacb6e2
28d804bf2212e220bc2b7b6252993db8286df07f,15bcd060dfedd46c924aed4a8d1ace9c004df773e05decb448e1cbaed743b4120d06dd8821a46ca8414986e93bcef39416993674c895afaf8f5f5b013aa3cf08
292d76ef68931cda7c2fb2b580df263dca3d9b9b,1a0b40d692c9a25e3be6b1567349ac4d23e598e31097087e2a2a6fb7e89ab4a20a7090beeb01fe4a27112cf27194481782ee95630337a244b61f08891ee35ff1
29c5dad7e34d0a27d6f65a0a7e07e4d03dcd68c8,9db1c6d73968cb78150752a1832d469a5b960e7690aeb01e7eb73fe2c7ac8dc4755390585e6ca465470cd3c423cb397c4df4c235a3a014228e28b465f471c475
2c6941d2174212656a512c7ab9e86e16ceaa6359,1df4bd303b24393a2e937f9061c17a69894836a726c57a36f6915640082f7890af38bae78d95c3d585ffa0aab879a5b103c7f3b9f08766b324eb8f66ec84888b
2de14db256db2597fe3c8eed46ef5b20ba390823,3e4fe4d6ff3d9a67cda1acd522062c64560125a0d216f20b4bf38a8966cc55068b0d7faf1fa0eb173603467d58e33bad85e5f3e74e39a4daf09ee58dbb7e7431
2ebc35dede56c10ed085a6097f27d5230b0c8b11,c35643f83857afeee72a120083d5a8f547b762659d50b92ad94b6c92b5fb98ad4bf60c850c6c919e0d790ab81b1932ac62f46a395f2d7d70adfd22b7def93356
2ed22ea03fea3e5bd90f6fdd52c20c26ff6e1300,8ec699f22240d3d434b2723c939072422f62fcc76d2873335348a2c9486f2aecbef3b35d4d67da5b8da4b65d3e8ff1c7e442fc4ca1a14b78fb61fc5c9b86f620
2f2f237d2e655cc0a6f6fef761e5aef13087e71f,0420920e3d95b21447d65c76877e2c8749e9e3e80f2ebcf5c9072101bca72fbfc9feba4de75bfa49dc1ecfd014cc5a3afe6d1f63a0e3b422d7a1f26a65ddb00a
2f5bfd77ddf8d810fae1cfdaa2af19871f3f96c2,6ba63efc686c416d2618ec97a96495ca77e35f57af57aefac157e209ebd97e7f33e515cf1ec81863873d00fe7960e6a815ce9e6fdcd3855b5527acd1922b3fc8
2f8334822c7362f3d80fe731d3962d582d25bf5b,fe8bf3bac901f4b82b85ed9ac4e9005ccdc7e5529f8c6f241ef4ad35cb28e8e6f82454596fbf0180691d9b003f6bbf072d246140397a12e2b76de1ef6db7d238
2f8ab52fc3b40cef63ccc25f96d2dcf6b7a2b735,2199c721a2c1989b2261c23628faa53d80943fd6fbd5672fa335161a6dbf682ff43b900fc0fc66b5cf93aad49c62f57fa337b67a077b1eb72bd1405e60d0d254
3004e7d0ba11bcd506349f1062ea57f7037f0bbd,d4c0ab1a617445996c21d603071b5a612ad6d7e0a24a2c1776b2f16f0542359937afc5ad21ee87b9dd9028f2ef6113708b8f84d6f3b80f74520f7788330ce151
30734d5ae63a2f368acfb3d3a15e180169254b8a,58b6ec15b6c6471b31398117a19e3cacebd90c36d0c5aa2d144fb850260aa92a6faf7299c81a84d79aa07c18ef5cb51076cbc4a1ebf944c148262f77d158bbc5
31c683a67f0e3919a86fead9241d94f34679f11f,62b573cce097d81e63a52dd743b204b9999344617d48443cbe3e4447557b4e4454b15e7b2405da104b22649061f8edecf7d581d2f99b26ae9884f13f7bb2e382
31fd07ec5ba9c1de29a66defda7804c21783177f,44c4f475b8efaa32bf7dfb7417e2f5a4b74c87108412d3ddb79628a6003ab2d96b862dca4d4cf8674005bb89524f999b7685f05c7b7451766adebd436fb4d40f
32790dee22bed1916303e2c3f4253fc2cfc0c417,119e82be35e827876397bde0235b309dffcf8d3828a7071f8bb23e605736e3d5f2d1063bad22ef7a3db17303c7c083e7ac385152e1124b49d778da1d56760d31
328883ae99bc1be99e7adf18bc1486cdc5477adb,e49a730b3b36c7120ba2e9df9d5268f011fbed48dffe799782d62f10f67523bd9435a7490c67a25756901c5a63129366ee77b52da81b4a1dd75111d077ae21a2
32d1a53f6709a03f4b6cf4cb0501204ba188d4f5,5d763845464769e8d034cb0973301a5f5b4075893c45f534e9b209826530c8672207901a65ee8e3dad51d027e6bae9dfeb3f739b765065d62779d9864b6aefa3
3377fc947899f6f961bf7b00e364538178277d99,836e75472184d2f51b151634b1c2029f81303e8288fcf85372f92a3d852628ca41bcc63d0b3f9d8b5b5026ab2d1334af8cedb1cc74bb57d8d44c9826a9ee14b3
33daf8e90cd1f214cc25a1865649e847254f2ece,8e722e0dc494cfb828eaa76142cf30e63e802065f882f03b03c804f6fad26df51f0167cddc30a534f76f55e04ce0e3a96fcd9c259c01db30aabe580c22be3ff0
345112915b6a0c6ee7c69644bcef7ac88e48acdb,6070a81ea7fb427b2294db5919c98830772de95816363a9ad068c7f0e29864c74823095d7ffaa305bbff6a6fc55d1571a55ea64f20bfa983e8bf49eb533b4026
34651fb7860616d97bd0e6a503b0a712fc0daa5f,ed841abc5289840104652030757902aca28a63a56240e16e21cd30a4d027f85f6ac10bbb887af7e8e02fe81fbbf45b923d270175c5305edd4b8636d24ffac774
346c48ff889501a968f1ab5256480baba010bbb5,5387af01e7f1ffe24cddaddde39a7058662c9d2c14049336287df774cfa81b727743de07e3c450df791fa47220fa2e573ab232401a4931210ea98408b2852e27
3496f3600070cc01d9665d1057f6f39afc0fe149,6242b955e791eddb44ca32abae9f93ad752bf7b2b3fe14e05903f885679606b29ff5aa8fdc5c4ba8a7a8472f3a1b447c5388931f51bf239b4eb5b10e24ca4d4d
35a129234d48959514ded8f8a6446f7f78db8f7e,b9426601b9ac8189ff098383cf6cf6e0835caa245826c9d7fd9da94024e2a6c172d921bca8c3c6d2496e1020bb117f1a5b6eaf8aa683c6dba1e0659f9346572a
35f2a10b73aa0b5d8dc6639c51af7d5ddcd1846a,3f47f84e2e3d33710001fdb1e7620300c094c8aeff6fef7c3363cb95857c4162e79a78b791d47ec22703e5a7c7f38d0f0384ce48eece3b9e9bfe1b3b3b285c12
3612b2e93b49f6c797066ca8c38b7f522b32c7cb,12829db45272aa9aa34ca910aba031654371aa2ebcd0f6069e928ead01d4f98b7841d1808b1ffbe8d59d00269d884288b1123446e4f53cebff8e694b5193a6b9
36a5bc205df1ed65c86301022cfc343a6ce546ff,fae14f564f61c383a19a6979eb34143a4b200a55faea695f264753f4eafe681103030635d38c4750814ded87de94c04b28a790eaed4c02f84f2219cff811c23c
36ab5220c885f4dbe0dad2ecb88d57d363a590ae,1c7be2c52f2faf104d3583e907fdaf7b25e7164531559c4ef014b889452573b3579f97ce2da82065d1188eecdb8daf993ad93dfc1e67fb81e143de543eea3b71
387a161c6b25aa854100abaed39274e51aaffffd,0b56c1d203ac0fbe4fb6cf83e31ac98c5e13440ab5a148d8796e83cd9cf57fb2c8bbd7da8dcce0b324bb15a49425e21df11409e8e95db265f8376dc132950cb4
388d397b6ba2cb3aa20e39d59b779a3ac35c8358,638d0a335a4eec6a63f26dba191bb1340d3a57f88e3da9b18013d0b85a6f205a8d621005f22a8d40cda906141181109b9e50fa2602c81caee6f35fb8ae796c8e
38a4d889a1979133fbc1d58f970f0953e3715c26,088c49dd300ae57e219dfa847923edd2b55ff8ac99e182876cafe38dbe0bb1c2e5c825df899c246429199af404ae3b1c0d1787118faf6fcd458fece5559476e1
3924b7681c6110fcd3628164388c3307f79d1059,944c38ef0f7bca14acfce5822b7d29f4969621eaaf320d3a3f0dc617bd24ba71872e57dfd3a3996a65fe53fede43bdb7817dcdbc4e15089e3e8c5d92ab4a4ccc
3a6760599f8b91dc58c21163e31c2b22d99b0124,1047b4d4529ea0418f64fc1c33a183ea7ffd65387fbe01d0902ca91306c3b1acb1d70912602743a69df872bcb43269544c497a14463984dc67edf9472456d789
3b60e31cfc48a9074cd5bebb26c9eaa77650a43f,849b4d6eea02c11b32c1ae7d6263ba8454dbd098b0762c647c71d1ddf4d0daa105a269de3ff7df853b29cfdf3a589e585b8b31a30a5fd5a138aa8bb847cf0a77
3ba53cea97bfff5a303ffc66dc4f390383bcd62e,c51c7183b833aa7dea3c21c55710e1fea4a8fcdd02f2716a015defe04e96564894c8a0a2ac6cabf14803c3fb9e89a02b1c6a7bb731921a8ef4ea215a8d7920ba
3bb0229ee981b23a6e6997f7a29e388ce4618571,354aec7556716a6dda57b4a1eb00695c3fb59c13d170e9683088573645952050a6d4add6fce20a2a0b567a4428e9bcea9894f1a783d8bbeeb2ed132883bb1267
3c339ae4cd870596e4ffc313a9a262519e7b08ec,050a12f4c8e42b5390f76cf1724be50f10a9acdb00ee1a735d91c12041018eaf6d4438a9025eb6995be6a873ee016a29c6e58fd07ecc0e0595d2e35d08d4b297
3cbd57da2f08b3268da07e5c9038c11861828637,e85adf17f1a09dcfe7ceeb5078ab534cb72e5b0fd9f401afe554a528531f863600930ac5f1d06fe312b2b1c8593d1ada965bbc4f46b2a329e6178f7a2180e0cc
3ce99cf4c97d44f3a91e2964ca38cd499fc990eb,5851cbb9dcaa9f1d68859bbd09ba287783bf17b4d0b3289f893a7943af5cb2e3b0ecbd2cce88d906a80a1216444783c89468819af2cba6499e68fec9d1858637
3d209a7ddebd2ac83b5e6681d997bdf04d1b9b6b,33c1e22543515a2d6986dfa00be4a18731a792d750e8cff6612ec065c23a7dd06eb71063491443cb054a864d1744ceb3aa971a2f3ce2c49ff5296cbbd61dbd28
3e59a70b02e1902c94a08ccd1d99d780c8b82100,0aa2a04946a3dc818ad8bda1cbaa75b19894ef544e73d8c3fe1c4be0e52ecb53ab7aa6c6dc5fec43581dc3a963455477b33982b7f586b1e08c643a3f64a563a5
3f25209d0bc6bd3062b7417564d435bc903709ef,f27a7d500eaf6f63436c5ffb8485533b61cf26306f66d2cfe6a7c85a260d27fcabc2139cdf4e89d9fc91404f0a53732e4a4169aa579c5974a2fc4c434e093be0
3f7a3df9c6f5574b6e67fb26955b75e52a4e2b7e,ba6aefe32f5addd760ad0ae57adfe72d72ae1f3648c50e5908f64ec88ea444d7e46bd156e2cec318365c32f0d6afb3c3dd053d8dfae04b9cbf068f3b50a1c718
3fde4f78811638d9372cba2b8074ad26abce6c71,43359028f92ec98a05f258625154ffc5e3d5d508eb39899f50af0234ecc068d5ac0c96668929081b244ba19229add71fd0f3c7f3eb811a54671803e7cdc58460
400ea6522867456e988235675b9cb5b1cf5b79c8,765b012d6340fd3baf3068e3e118a68a559b832af2d9ddd05585fedcf9f9c2a95a65f71708281d9e1517e28c3643fa932d7675a233d8cc4edc3440c10684cd95
4073b2a9b5d8c537e0d47e82acb7289619ae0da5,5cf8c9d2956a91601bc9913a9a1069cb354003d7ffd77a1f0773a7c3e753514548f7b7a7461ac7eb4d30b88cb4337f26d6f7b737ca5f7cb8d9d0b6f254588638
4090b585c6ba6f8d8cbd76aa805f28069c732ca3,79ef7fc8eec09cbe946e1b3528f941a0b3b5719d07cd2c20e8d715da1edea3bdb24a1c51882bf3f755c65eca25273a7e622b0617275e1cb3915174889f804d50
40d775827365ae4d54cbc08a1a1c4f586b2c1d0a,890521073df47d224432670842f026e71fb303491371140d7913aae28b2952e0d1366d5a85cf881da0ce5d83d253fb251eede4ec25f6e03439205920563f8102
41a47ff6026f36773b145f40d7c735b0a633cee9,5d2c46854caaee29df15e8ae1548e621511b5b1bb27b4cd3b2ba1ae1e5485baf9d31037949a2ada4f987760a790592f86a8177f6ad800337f519207b2307ebb1
41a7a1f43a1701d73524f32b9f51b353ed133a8d,aca238032fedccf1434acf74748962b3916a8612d3a38b40305b6d0b98b2170b542cd9af0a5eb9fa1ff1ba20be444a7c49b2a1845f176f055cdaaf152b39780c
41e72d30c967a595cc2c7dbc9e1ed98638f3b8c8,ff35fa073a2112d9322ca7fe6a5defec594a23cd55bd98d23183ae5b4bfeb9061283c491eb4459ce107f480e61c324e1bb31463445e88cf85c2d2f203d52ecba
42769d446578fba67755bcb7aa1c319df95493b6,49f0770af1d8825f796cb2d9338d55a7cf339ba6b18cfaed7378c295663c3794d24357fc6dabfc8f1705778571686eba9b9c44a159636dd59a224a5670e64efe
43e3ab994070db606042e8deffd146300cb52919,843f09a20c4981cc0b619fbcd9b4e7cdd3c145d5c1b879f26b52d0d7ea61b91c4971bf2a97464c4c02006c6d3443ec0e0ee24d4aacd9c398f947d82ba13fdf38
44736f68f0a7a3b2244750997ac073a6a036e3e8,75258af71ed2474134066bc6097f2baf111805fba645abe3f6729829cf61bf4492dcfdfc8f8a25816c5a681aa97356251f0c4edfefb0ab8af89afc856edd107b
44905fc26d081a23b0758f17b5ced1821147670b,0c43f999cb96fddd617b8853f444d1195434a0e351f77d0ab11f40c6f40f5a244871a09212188ad8ba6fd709746fad61593cb01a941447892743ba948cce2582
44b1b486ce8d9c82f605626347a7b1f74add11de,f989359a57f91e47b092f97f02ec14e2778260c9117041e3f9ffd6da24a2e1bdc2bd36742f432006b6694d1e26f1d192d07d0ffeef8fc3d6cb835770687eab10
452f438aad8b675232c1fd7ff8e940d72d8a9f45,f631dd69535dfefaabb207e667ac7f90d7ee7ecb7d61e6478d41284b53f2a5421ce9b969ee924f501d6c8a969f9eb0032eae605b7cc9dedacd3fccc33b999070
4548d498460599286ce29baf9e6b775c19385227,d6bae899c0ab98fd3d17e9efeb9bce03b67503ce78b5c81e5c22184e40fc926f5401f59d102ae679dd90c936eef8cf821cdc39259ae793ce1d052ffc3be89b5f
4575e437306d10ca7433e22796fff7dca70e6699,6880c19936633d25dddcf97151c10ff1398e04b270064ac222bb1b8cee026515a6d46bf0c2d8a2068c6505e59d194a34ed712211b634903d21c266a1968956d8
467525a9cda3ac567f731a50abc6d937f9036fba,6078840df87d785526ee40513a400750164f73b484dfbc66cd3de14ed9a4fcbda0d82e385401737bfdaa325281a629130a435d1a6431ced32894578ebf640b88
4754b7e3dede42d71d6c92978f25f306176ec7e9,917acef9588e2d305a7634f5d8995ff2485229525da3d2903bdd79bd7b90405dc2184356a000ea17a17d65c7c319ff9e83d4ef11e89bce239b5511e2958feff9
4756e5a5d0668195feb1ec0e7f96832ffc51c4a8,a1f3b4894dc0558b83e6f32b0b5806a241ed20de87271dadd293a95d33ddcfee4206023616b5f7d6b64b36332a7729249d30fa5c440fedf6efe5c32550ed64c4
47d4f20ae83bcd350105f199f900e6e6104dab6a,3a75f20788b223847a353b414f84fddc99f11ad23ec7b7feefd4755e7cdd528c7e3c51f05f97d089ad8c693c761c4bc7536c904c847a130085be153e042db780
48466bc93df6563c2a638a4be20feca46a1e314e,b59d40d612b4f33ac9657c15062e51e26d9b97d3ab5b2d0fd91cbc7fe9b19532dd8cd3c065c4e71905b27be5e1ddacf87479c2811a4db59827a3a613ba8ca283
484c6dcd50978b9d525cc20a02d5801f492931f8,79d2df97bc6913af7f81940d9e570f593318ebad8106434a1803e4379f7be2d21e795f3520a5d0ec8edc9396a230dc953561361d1a62037440bdbc2c271b9ab7
486d582eed105cef4e4aa270c93b1e03fe5b04f3,8037c375165e0db2449cbcf69ccfff4beb678204af29e1985d15e671ee742de23e555f07dd1f08bab6b329cd42b93cc794026a06cfefb77f455c2fe8362ea591
48a76d84c5ee48ec1833d9b12ac2c6fe87636eef,1e1523f595b3368320c6f1b9d773bdc0c5555f8565b2159bae8de1a831bfee9494a652a8f6d56500f9bcfa50b162800996fbc66693d3e7529eeff691d118b88d
48e3e06520ff208746b8555076f7af3e71af1a4f,df8bcf59d8b17474caeaaec7b065be60d8a94b26590908ab6f27d0f28d5799fb9bc576cfcd4052ced7b142f680ff9d9706bcbff34885ba63cf4504099d9cc23c
4aff84a239d8cacf174b67e509ec6a7b2b1b4f7c,b7da4d0987ff1bb3ce4d51c0d4a346d8a982663f31d5d347f9368e1143d76ed72d0d3262dcb8e3bc6e91cddf164ffb169ac23529c6b6ee20b488d4d5c40a3af7
4aff8e1aabe8e1ac6263806b51e7f096cda9d745,e7d21c5befd4042e30017ff7374ef6fbbdaa7c1d69186d8b50d0b2b691a4e0345ee7144303b686e0af3e4788ebcce9e38291db1df6464ae79009bfb6c1c34ad4
4b25d8ba0910f41ceb3fe2ba48d3082ed12cd8e3,896c985122ede77a38fc96d307d10e3a2030dcfafb46ce442dca7853daead8cd20f62a47f797412ffcbffbf303a0f79f4e48106633be0d458d226770b4b190a8
4ba94314687a0bd02c9f1b944ff1a96efd88241b,da7fdb09056e963ab797791568c1c5c8dd30595c86f86a7404921bea46309c41be6e34a3b7e451ece20a4fc93836fcca1a1bb6efd3093116eaae63a7582ebf18
4bd047ca72fa05f0b89ad08fe5ba5ccdc07dffbf,01be61d096a1a054a7c5dccb6afc1038d4af687a6e270b29ac4f27f0e2d205e8f141d91a119cddf1eb80a02a8d304ef084de0ffdd560f52eee9fb52ddf97c463
4e142fe48c71092e78be1f1082fa8ce0cb15c354,dc13c095df2bc813e258a0fd21818921a63ea5690d0efe81c1a20573fff55967eef1a5be6e5e043c2268f3e5492d91db3abd0babe2a119b0daeb7a86ea3a02de
4e2e67836d10b02b1dce78591af6dfd1e2d7bcba,c2838dc479737714d36214ceb789deba5b866612d9b1a836bd45e21eec0ddea00e507f11fd2dea681a610f093956d1b8824907a92812d5accbad0f9dfe3dc576
4e47ed82ef30d54465063813c836417231c8422c,f5eab02a64f1e11a62ad94687dc27992363608400d3d916387cd78cd8b65e717f41735ca6a79827800d8c7ed771a8e3ba0e924d36babc17ba5dd64e5bfb3e07c
4ea84a06f011495b99aa7202fdca60443107042f,f4f98331264622f495918cb10bd2b74cb93439bf7dcb5d236b20b1eb687ea42bb5563ffe013f9f8679da45f0e6eb80d283343a8c6b8d70f76ede28bfadb3e2ad
4fd9d0ee6d6564e80a9ee00c0163fc952d0a45ed,07fd10777eea67cf6d6b89b58e29b08150bcb8509ff882954cfc40731afaea876482a11d024caf4fe269208cd40a68962ca00c995050fc5c66685c3977bef201
501fea3b37837cde179d1c38595ea6d590becf2e,6544e20b8ab9b455858858f7c75b03d1ca00f550504bcbf232cffb8fef5e676b0a3932efa558e7bdac8aed7096e04bdad8a351c17eb80b2220da0561e047e965
50664ede715e131f584d3e7eaabd7818bb20a068,55cb176443efc4b3020e1477f29d4db41a1ecf476e8026ccd2f7fb9649b990d50ea12809795ee07b3c3bc1c35dea7488dd9b1a8458058498980178466d47f108
51b31550230958c56b47979edfaca6bb2d087038,c5c83f48b34e45f45d93aa554ddfe4e06db4ceec8dbed85f24074e91f7e334e36b5317f8f978b064e589b94ad63d05b04c8cb5eb6eb5161eb30364d289ef4c7c
5347a29b091adddadeda673ab3cfb8b23329d24d,9668e7dcb2d80579f34eba634ea7a9671f090eb2c2fd3a4c455787d93ce3a416d08ec2984c84d6dfef18850f1436ee480977e12025eb7ebf8203d7c721076b10
538c4f2afa012911851dadf0655cb61377e7a8eb,cf1a72465604644ba8fe671eadfb15032e3685f64ca629009f8bd0626beb747b0e7fb98c413af982312fda9649a7a0a0a7c7807911086b448b574f442f245eb9
54be3a794282c030b15e43ae2bb182e14c409c5e,9404b392808fa1302b9249fc0368de77e1684141b9c9f218e21bf9234ae9026622483e937bdcaa29d4fe931d1e1988ce06444217ad337edb3ed1f346408bcef2
55b0a25d697647281553a177321dad0a0bf9a148,b40dfe72ce8f7c5f3a3184598549a5459d2b62e99b1617b7414f2ae1a7cbcdbe95799246ee276e86595db3326a5338a5bef8c536ccbf62eba1255c9b5da90e76
55c184f7a8bd69b55cbe2aa126ccbb3358fe6b97,7b8e26f6795281eac3c53c3427dca34ee1445f7b9d0c9fed8b8b46746308094f388439a44131a7aefcb2e8b0a8a0554f17898d75be87e661fd317956bec0d5fa
5606b493c51316a9e65c9b2a00bbf7ff92515a3e,507f7d225f65fa1896c760133df8405bfc8ae7148c11e8297d720b8ab0b7e7079da66e1418d02c7051971c464266bdbb9dae21acb0ba4620181b837fdc67c00c
565b93a15d38acd79c120b15432d21e21ed274d6,5b29b58592b941456e067d7af2fb966e44b0dabfa93a2da9544f1128d1bd8ed44875e32879f3ff8cd2ea290f8c884e8081297cd7b53332642a5f3f38a545ba5f
566d5349cb5e0aace71a1f09cd2c141cce291d70,92a3f4aa8fdbb4b113f2603f28e58c029404a742a817203e577af9ae9ab1fea7de27cf8eedc548bc42d1410f2ace9b16a656a04be924c7074f5648b86932e303
56af52a9611afda072a73afd0e1ff4c4e35ee94a,9dc5653f96d2225f5bcfd2b2d706375fab561e4b23f34d4855946cb132817c923c9ad7fbb803d6c216c3a0965b5c5677e38dc3d7cf220e60be753bd1679602d2
57757e3d981446d585af0d9ae4d7df6d64647806,bde8dcefe44776a680d05d9da4999c73ad4b70697d678f13255d621cd32760df68b43d0c74046f0c8f3b14eec9940e7c4c8e6d35274cc64f2e0bf7f416e6df5a
577ff1df8c33f95c6180bcd7b56251a9d1f3422c,274178168efd0f133005d5d3f51efb0ef1cc7038ffe913c11c6f88fd5afdbb694f2f9c58fe4825c0219eb03d206fb616654b8d0a6780140993046b78d8180ebf
583885492b1ac55e6633cdd89d03939033c96bf8,e0fb42ffe4a8c8c04c419c26c346347098cd43f2650dc24e5d726d23b0625946cccf5370d9a81d9c76aa4f59838e367d42471767cf5cee2a163d4104889c3336
58eac704c243bf259a962e027717626cf8d7d52c,fc9a670e1bcf5fbb6bd8f95712709b9d8d1faba83edb2a282ec8ce297f7d793e98e7980dae29096d5d516305b60e2b86732da2b3463bcf3de8d61da1a361f347
59a5493513ba2378ed57ae5ecfb8a027e9d80365,d9cafd0eb7581ec9e8eabbb7dbe82a935987df763cad892da2496f74e0ce5bac1663ea460ef8828437f6e75893e7ed7b1ef94b06bd8b9ff1d781891fa13240c8
5a302906ce489e27ef16a3610f7f783a3d07f429,ab3ee604b7541838e2200c3422c4149ae8dace10e4f09c512efe794947b5a742535624a371020940b6cf0ed0b69f09f9d768c48c15c64999639a0dc4b152f9b2
5a6a2f4cabcd41dda5d59d9371d72406d02d3c45,9cf9252ca14dbbe54dcee5d6a1abcd0aa404b90a8b9f3c83f29da95e2473aa2175e48ce68ca2d57ad97b66e5e2bea921f618eac382931ee590a2ed924ca959d2
5b4dd6c7d49163f84c15008d0dc7131c4c4e5266,048bc732d9257ded0d9fe8f16a55433d3b1603a2a1ca49eaabc1a12743fdb57ae69442cdf798070ed7d3ac51e271d30924dccf4826943c341051302a5664f5e9
5c4fe960950ba0e09a72869c3d51fe70f07580e0,f1f02d16b8fb34c2a7bd52c1d735c67a0d3271fe3bc2c65c2e6ba6706089479536cb55117bea57baacdaf635c2ebf730e43c98bcee0c93e179ba8d5b28bd5b8a
5c6e1b0e60d4a1493ca8dd9bbf7a31d65eeec094,b72caae6bfe3da5df17a8d208b36486392f72ec9d7c70f46196629ebbfada75645a881417c567f6118a1de616e76c46fd459aa4c7bf2193e26471d453e46c727
5ca6a2e5f53a48616d4ead87ff6034fc032d4722,e8d4b9dd91b4bbce8c316f914a3096be021c390ba73c612fd90b25a633972aca7d3627ae91ed6b0752b50e360dc64a52bf7f1b9e1b24909ab511d0f0d2e4f52c
5d802e2fe48392c104ce0401c7eca8a4456f1f16,50af3a3b868d16f1e5052951f1c85278b21b5e65902151d9c7b63e7af0ff9127b61fd585e7c3b1f436298e5e6a702307269ec4f295789b8ffaa14262b534df47
5d837276ec1ddcbfe3f85d9414dffe4b641ebaff,8fcd0a5ee1bdaf7ce9c8ae89bb348e52e612612899ab64ccb244c5fd8a9fd12bb2173d56645931c373da00bd4b5742890112fcf32a59f2ac77821cefc5f47178
5e3cd5e01526cc3783ad7e97598909e2fefe4140,0488839531030b96a009ce120a3b60225ae2d9ccf03831813d0a5937de09dc61573df8262a8888f5e70bc952cad87c99f03dfba75af7f5048366ed28c1d21ba3
5eea118e75f247014c6d0e990f02a0c254edc852,1f278014d04517eabe1d7cb708278f9e75126c38a0162694b253951a164fca7db80f32a52fa891e867aa5eaae90715765e9b993444a66454eadc5dab8768331d
5fc3afaeef0ff1149cee3bd80c1b20de629df880,a1bf26f7165c9a5205bbb9ef2fd948a115d61fc5956c790e05ae973c9104ed48101af597cca3bc40d5d5e0205616b3b055dbe618876c8f34f9b2add33073a877
600618b3018e2ada1913a72851aa86556086282d,ad3f0f7ba20e6178868df6519b2c0386b04e616eafdcfff6e49104bad6bbab9053315b81558629a720845be1518f1fe2bf94f6004249bc72833260bf8163c998
60bf178a865d733e9a40c5f8e9f5d5aa6e84498a,4ab8c8c09c7714296cb0b51f790545e1ce4488f6c76bc72a160ab0bc52a3e4238a251754ee748a85a883ae217d93a26f9791938fc0a791b3d8828ec915451130
60dad8350bba2b4f2c8fbe5d1c2a25d79a1fc8d5,ad9beea99386bf0f28c5c7d625ce379c5e18bd90d9484fb6f083737c556dcddeaeabb91f447784ae663b6b9ebd3baba179749ef409da28b36d86467a5d61edf7
6223bc5fd16a19bcfae2281dde47861cfe1023ee,161c5628932d8bae89156a6ca090b0830adf7a10a8f401c5acf4d797c04efc80e3dd3be2bb3e7a6654c90e2019fdfeaac223b63ba69690b1cec2523e61712ff0
623502bf6478472aa200f04edfb464a6eb7efa08,5b89193de00ec566e49c26510f824b1aa810ad9d4e009e4ea82399bba1d2818b579b75d9ad5fffdefc38d9e41289faf1dcdca41b785ba6997f5e279f271b9ce3
631eb02ff44e4260e63de5306a823fa413351b1f,ca8b86b2c659ca3224cb597e5c78629e3df667389a22f6254ab3fe641dc3422c80cbbe612b1798b1832262a1d22a176b40c2685670e510e2a3976f6aa0dabe30
632ea82ffb1dd1e9d9d4c5443d727d14dffa5dc2,840311a516de53ff30fe453f3d4e06fc982987241b694de9d2df41899aed64f87a9e8b55d33f4150fac7cf35e7a91d202ee14c8409ef461e76858183818809c8
6461f575da2371bb16210e936de5ee1cfb28f10d,97484ca3496da95cfe603855b10ab98ac72b906ed12c3edf52b67901671b445cec182f1066bd4d6a93335a7e018b9bd126229cd5899a4d0c4180593cb1d78b94
64c4bffb220818f0f2ee6dae7a2f17d92b359c5d,da15f233796d46318d3baf8459d33d0302268cb8064c5a92983ca2462f92105e7f3e5413e2d691729a0c628d738c9b2936e0a50ebb2581b6e57643c73761a2c1
64d19dbe466d1b3453232a13c2d3ec04a3432e21,b2ee1e0c700fccc9e3d5e938e04a2aef8475d61435c67a28b99ff953c8fcf0db3d33ba3f5c17016a1fb3990deaad1e89216a15b609d53b4c6bc49b92271165f9
64e9cd118aa8d45c20efeeefd68679372f5e48dc,2a5777a1998e41d01b9970196bd7d970eca730e0097bde2f40ff1982075a90156af9adb32f283241f16e9b170c5be38aaca1095d2f6ed0651a96d6fa63197669
6525c002b80ae9f2431883d3a6274c0d4af5ed7c,518a0a6f636be403d00104e6642f09d94b06d9821a09ad0ccbc5b960cb7a766f6a3e49a1b63c4af5ce6189a6bbb007cb2df6a1be15b85d9523249b7aa26c2bfa
65a3870f48b5237f27f674ec42ea1e017e111d63,a3ac19fc2f7bdabde5b90cacfc63a823b6facb5aaa8b07c7b021c3a768941c8f479c3f370697157db3a3ffc943db98cdbe0f634094419244444367bed93a2498
66cd193d0c0fb3b9b44dd371107617a7e9f38184,a29e0391138ef722bf074e87c1cf3852b0411f24c163c45b255cd00e3d0060898d33b5602e5eb9c5a4022bba09124fbfad1c205d0781b8b67f6d7b3bf6cf5576
66d5527411d821cb513f2d214bbbc0ad73586b35,f6e4b3a499319196b4422ac8ac7538e2a33fa34878e84c581a0c81a6cb1dd6de2d33d545879b2559ba339d4a4739236fc33ba2f8d3c0744bc42ee7d98ba06846
6729de759c2d54bf547082f4fe57ddf3fd847ab4,2b6076417a19d755075d4ea566726e0f1b61f0ff7867000398cf7c58b0a97c173dd86749cfe9c60468041f1f186e6ea8e4ff9e3ae26f37396d0a282ad8a52010
67954ac510255b6b3724073022196b67bdf260b6,dab5b6699172dd221ab23fe9df3e23401d146c7644b85fb2c754031c8e87790dddb521ea4534e21cb5fc3a6b7376f0ae31f4d1b1e4db63b3cdf2228fa21593fc
6890e58cad2ac63252ab21e11bc9e66f42b9572e,0d6318f460c3c9d1532fcfeeabd0638cea11dac60da0cc634f30cb890d1cf37a5beb4e117089d28ed2e25aee9d43f38918da967ea4db1fdc80128a41bffa9971
68a7ac13477aad590982293feeeb786a00276cf2,8f7025eadb7cd8e3987e74741206da97fdf81fe524177c13701ae9e8bbdfe1b503282cbee2b1e8f20fd9347036409fe6ae3d1c3702ffa838b6e6900f05429b25
68f4b110b6862f2341d8a869a79025029f945bf2,3fb264a19f8f840a268a08235c5c98c92005fe1a66b08eea2bc3d6cb53880d148faa18a70f6f9e963ed3de684443b2cda4e7c25385ea5226f792be9a34afbdda
68f9d801c96ac6ccf562f3600cef77c4504449b6,695992a574a1a8e9d3edd19dbc66425ef58642a36c63b6ae090e0453f8b122e85bb8e9b0604b22c58a059679dc9465120285c474a06fdaad6d1799daedbd1f1a
696ed7b26f4b019ceec78dc8b9140ad64a6f354b,35de55f3b1da842216770edd7771434a756ce28925051837391eed7b449d1188b5649f277d278c69c924528fa3c45e9fb8177f6bdc2c9344d2e5520e25d51366
6a024f521f83906671e1a23a8b6c560be7e980f4,bed485f272cc3b86b432fee2116b4d00a800b2c9748406b3d0a4bd4bc4e2f3cf747d4280c4cec7d8c72344ec44d4640cd7d62a92434bf8395edcd9b9fdcc75b7
6a32518ef8ef6fa177cc69a0bfab18c537498386,ade72b6056c2e7125a483e0c9c3344d6165331cda8a5cd2436e55e69ff99af37ee59371d7ecefdcbc7377b802107c9d38ae116d1ea42541917e9c027a48823a6
6ab075abfa7cdd7b19fa83663b1f2a83e4a957e3,fc2fd541eaad44c3a9a0ea729aecd385ea89ebee930718860e002044aba13c3a0298294d601c363c28e1464c68db5f8d50e03ec68b88aecdef86a1710526a83a
6b67623ff56c10d9dcfc2152425f90285fc74ddd,24ab3c4d10b5d8e471121a5711f551390cb1d415aebb70764e7c1eff95e2803922356fea3547896de923dd7f1afe44718f92c33b9c6868cdadaf938717d1a19c
6c12de0b0c430e729b0a1f547885fc0db735138e,ddc15c97f5e8b2213d1a4867c781b3e858f1413745b5aa04df6545a9e698f4b4eae66de9049637eef2272ec28000bd6e0d78f4a694a2b97152eee4f64998c702
6d40c2da94c6522e361904383c37c605f39b8e73,d6e4ee191a2e6602506b9d7e28074f20cb788b20241c9bab5e02f11b0a51cbeab226045598301c9ee557392656cc9a0dc53b9cc9a2007f7dcd81d4392004c748
6dbd6a29aee4a273c5178dae7c48bc3d3deb1d7d,c93c000f46a1f43c067a27dc87b27e0951e7803c82474c8526c2f2875fb2a7fa57d919971b92074253a33be8d7131bf10a805b3c5fc2713ea3dd4cff5839fed0
6e26a34a8ca973a4a5a41213b79cf2b0cb1a508d,c574db568e510d8287976ed9f6c6cf3a47473ffa96eca06b07e9307fe2b0898e96672d2c7b7b8aafd75e1a01c0a85c6f0e4399626d77dc54873b66996dc9bbc3
6ea1a1ff942117312c2236cb3bfbba2c698b659b,d733e4db3b2b92de45470d009af6cfe28d2cdb685b99c144e9fbc35f3742745943ba7d31cfc48c59e36c83eec89b091a6f301eb88272d5598ad8ec06d3bd5a64
6f2a8ee9452ba7d336b3fba03cac27f7818aead6,e90b4f1aa0eeac79414fb9de7ce67772d52d041611ae7488c64e68caa7b1d737f255465a477f219aeccd844a814a03cacac3c0d940d608a4ad8eff0483343344
6f77c19c3d4d741c10ed8c97d897adbd7862d5fd,a78e7e0b3c806759b5b9fc29a7c959b7b97c7ba5e2624fc2fbcca50cf387308937ba23f31015d9b8f0695a9793d7d98993654df2a65455e076f57d6e64957da9
6f9e3976fa3b5b22761fe5d635e1f0d9d9aeb85d,2bb3821f6d054cbe5b67a751d58f981c2773705c6a4c3553658664303d5f390a1156a6da8d976b577b491e89695aca2b21120c1c186dfaf96f400f7626fffdb4
70e7ee4dbbf6f91ef363cd701f4b98b70ec1ba52,62dd23631921d18e4d21b081059749c8ec61213f25ad0fca6dcab87862526c523f5fd7985a6483ab70901158b27546c53f911c9e087ff05e03eed2aef1b1c77c
70ece45cdc64a768f936ccb8ac851578251363e3,747190a62ed1f56354d6febc978c0a789e238cd703b750532d7303110b7fad5985ed3591d7ef84fa891727159fb96ab2c15b81aa295f97e1622dbff08228f554
717541ecec745b1996a293a0e663f2aed2340f1a,92f6bfdff92bd3650137acbb796d21b816d7f5edc77fb83d55047e2fa0abf1759210c336381df781003f08a309fc4e00b12513eba79d1d9bfd679b09cd0a8f82
717a578e4a157ea52ee989be75f15957f294d1a9,266b8f7721132da41584f9fb0e56448e070380e62e727e6b1a82f50f4b6118faa28e8576718346233952fb4c13325471ffd728da82e8636a8a448d109cab006e
7246195a651fbdf8b39c41fae139e60339a36ac4,4e7a7919be75d0997ddde931e5d96c08f647913e443618c3c81143eb74d55015f2be80efb85292548b7c28917ed985971e09e84905b7ba6eb71c45295e0cce7b
728a4dde804aedaf93ac839c9b0fce031e0361af,ac8c6ff1865a68d09ad7033435b62673d235bec25bcc6d61feeba595e2176b51922370c9ccb6fe6ec24304683e614a643eea61baf1be6c4627117239094197dc
7313fbf9ee7cfaada3b61bc9b52e9fce4d461ae3,86421b1da5a30deec86638b6372512dba8f9513e0778422d7e1b78803967e2e964b1b07f12b28ec4e1b6c5804d79476688e93b472621c339e9d2b76444f0a921
734c12e66cf608d1e35da62ee29b6509028dff53,b4aff60d040f85cf679b7d6292445db3bdc8bede95d96a1bd94b1bafdd48537dba935e03e34d00f8fab7c18a18c45b797ab99801952abe4ef8454d6c2d005143
73e24f3c9e8074a3aeff2c200012e25b76865d4b,a790a008a791905968c0f1bb51526dec1aaab05400c55df2adf886e3a813b7d32f5c54fae043482f2bd8c205ff7e4f3fa7fca405c9f1551c28ba3c6314278b12
744ef1db7dfe580ac91e9fc6b86965e6b6a2c4d9,2cadcc46a1e3ec6e95b16e730b2533f665359109a1027db591eb8e0b477178e3aa690c786c1d7d86f58e2d5b23bbf6d5438d24e0157299ad55a826f0b84d1280
75ee6eb3d8dacf41ee2e5307090b197d3e1cca6e,a5cc82e7208cc1f4f7266bd274e3ebae398a3796197496f12febb4f510c711ee9a237a7385aa5800139be3221c77cb8a4ce786898946fe4a481e770bdc92372f
760d092a4b90e6978336b2f43afdcca6c3ce3fe5,2ba0c981109ea904c374301fe0e636f3606b0aa435adb4ce5736225e6aefa2ef9795d818bd5d3fef9a2a19f7edc121491a020d2b099830f9b7e21543097f3fc9
76c14c862a67563f043e0f42bc68e10422a4f83a,d1868268dc715bc81a311b599ae69d998c49977aa110bf92a4b7f07779918381c3b3b4854a9300e154c442664765b18fdb3d47ecd91e728621e5e2ec00958e44
7851b240ace79fa6961ae36c865802d1416611e7,77aa33afd9893c695479f866da1a81dc8289e176db606f6fe6fc3d270e26ca4fdddb225eba922fefdcb43fc542f152e7509122d7849698d01da4967dac45b781
78d32460d0a53ac2678e869eb6b4f6ba9d2ef360,668ce13ae4b26a0ff7492089f70607d3147ba0390037257ce18c8a038bcacc8e56b3e61fc126219c076aaabd5738804de27b6732b6f06271ed5bb20b2248e342
796d360aa5dc6457faa8cd725d77699b982a3114,4ffa7cb1e09ba8d21ad2786b78a332935c659d7ecc95707012e3cc92c09002a9bba17bfc1d69992d0ed534ce172114752cba59eac10bdbee533eb00f4352c4b5
79f08f2e75a8c99428de4a2e6456c07c99e55da5,ee4671fb4b689419f012b9942ff69a783ee69eb2e980bb6e20bb946bac4aa84b805157bf792cd64fa91342d44032cdf619d291548d5589d5f4e991fd0a0edbf4
7a2fe221bd3ab0f0d7fbd5843aa24fc3d00bd366,34e8966cd7c485d12ad09893c0a2404fe6f5d52f8af09d5b5db0a5d76840f5feddebef837cfe723f014d2281223a5f4f4a4a027f2017660e3fdc8551fed94f51
7a65cd0ad11e7329f534b5b65113997cf75e3546,dd2a8ccd58a3b07cce68a2d63e92c003cab6287ede6fc694ec1728b9f1dc8d38cf71b2ebe507eb9c4a0ec6f5c48f7276e5fa25aff0b97628a638fcbc7292f70b
7a9fe22691c811ea339d9b73150e6911a5343dca,41e789a92253625b2d37e8ad68e5b9a19a89f2035a06cd612b90df76294c941d7f065a0440b83e4f3966463ae73e9159ff60cde44e1b37628944df5748ebaac8
7b41b76d6c816ba19671c5120e957de9992e7199,b0caf6bf7664b1e6feb9c80d40ec8e502254fc24581b5ca57f672ecf94e031b513b054e82299964528c1d2715ad0b8b64a0569bf24333e90faf41da736feda08
7b5db6d63f4552b15b20dd16279e9892fdd1b541,7db280ee1fe65eb5ff0f77ad543b2cedf03fbf86a236b4c3974865bc62ff120bb61a622e6bb3e2626571fb8e2535d1a8aa7c201f3488d827a461a3a087d2994b
7b7736a2c07c4332ffad45a039d2117ae15e3f66,996f734ce09a8594d5db81a5485c8a9faf0514e3b9dcf2882da03fb89377f130b5ffcb8590e4758ce7588a1cb7092b32822e596fa26eb1852fb77eb57171a07b
7b7fe82464e66d5c297f9de2bc0a8bfc7d6de5bd,d41b17930c51e5697be625ec72e52e59cdb3ba795b5cbd3fd80be46b268a5ebb72d60df8761736804feaba6e5529af4201e40e11153404be474810a521ecaac5
7bee754c1b75917cadc51e23f69304419970b04f,edc9b7b6dc2dec7cbd49a136fc1c34d2e5e854cf2faf6d0976937bd56df48328b689fe67cbd820c0abb2dd0bc4149536b2a9b49c188149796b328f2749871a8a
7c1282a7621f0e2f6169e151628552a8b8a57b2d,1abfbd2ad241b5d9860d473e44fee23280a77134a8dda1f98699aa2ecefbcb4a77325b98200abb49a691fcd6c46cd0484e6d8578f0996cf773e81cd3db5ff137
7c621d5954a4ac21a0fd741ab6f302398f29d644,629ff5c6863e924b11720708b38e36ec8ecba92d740d47a32dc0e30a3f1cb36635d831cb0706ce055e3ffef91b5198433ca81d2867ac32866258c2d3e146292e
7c6553933a471b43ce3a76a02245c5162c82522c,0b89e45fc7881d9a5db8f3e04b9dcd881516f8feceee6db4ee7be4101b1c6f9c61e24242af57bef000a1a35fc7b1c58a84a4930fd3fdd2d9a05463f40c96ac93
7c99670ecc3a57cd1a8d1bdfc8e2ff5b4527b382,9cf527ea8251936deb48677851cf791fdfd321e46b06f08e78316ca6590bfc5543fa254e44bcc814e3cb75925bb4e0e1d0f047752eabe872be93ce1d4b77dd14
7d02e5a16ba38d61ac5eca5c6536f23d09e3add0,6f353b82cea543e5387a3189e97b135471734232927670f19b23869add24fda716c18e479a10fe47b3e34ef458599ff8727e20c9aee882a55fb152f7555a561b
7de92ca2d0768cdba376aac853234d4eed8d8b5c,85fb0b534be00b692237784ad94214280317576c73684dcf53a1bb60ce16357b8ca0ebe67aeef5b95c24b05a751bc822d1d4f6c98ba72a70bdf0557c167a14eb
7decf7a31168778f311c57b9a948abaa7321001e,60b2a76bf8a006984abbb5ea509a8d721ec75bf7cd7e1038b3c5209c8a5e409667a4aeef9f2c5aca8f721f60d97f4cebe8e827cd14f9b62d1dd0ab033d27e812
7ed9f10b5299b44d28f2aebf8d057919698cb94a,3f5f051c370c6fdfbacfd7c3e88aa855fa0609d4fa13129c79b3013dec3d67bfb984c559e4fcd739a4acdcbf2cf96e0950bf201980252030f1312ce541086296
7f64c6e6908de72221a06a06b4a02a6546a4d6d2,d3ff5c970af579e7d30a646b589d5443e9d70cada031d0748678c0334e7a926cc68f419ba08b714660cc22f623d2106862c8cc8f4c1c3d8fe4236c90ea6f26bf
7feabf26185d54629a067ee237041e703e6a242f,db069b0211d48de6e8ee4bc1c40aa626295595faac8b72bcee6e6fa953099e5006083fd699c9b68bb46a267794168692da83dd8f64bbcf2638c90df848455bd7
80826180a2629206e3499b5167aac8440e3f87f6,9b00214870b95b998341b85186519d1bd50826ffca6d52502bdb43a3622fdd3a8bc597694ba33f12e8280105482275f3f3e08d13f06387e04e100f1b9d987a22
81790453078a15256ba3fff8997ae0d0b52924fa,78f51684ec2453d0d6f50549fc0b78d06ecb5aa2659aefef16241a01d82af45d542b5ce34e0b4d3786877a5063803a7f1dd9ad1f4803eee55d1dc83ee1dc4b76
81b9a5f21efdb5df0210471b9a94e0d4ad9951ed,595b93b86ba78c13e9f6cee743c859fd2cd31a648e45e044f33c4038340d84b26a8842463740ced610f76086250484f98deaa4d0bdfbc9c1fdb7d1979d60866e
81eaca3eb49d3aff173efd1a8eaeff5e1dea00d6,70e2f58c843cada6ac2b60b10540466b2128a2c697193fd3fc97438f90fcefe9a3bb1979034e63f124a78e058580c535f3c8eb9df72362f65ec5aed08235735e
823b92d6a4b2aed4b15675c7917c9f922ea8adad,37d1763d50417d0549407b82f4bef3c9b0dab3488085d26884553327a6d63521ceb5f333819e1473aa6e8ac215ca24fd46d79fefdc329c5f2c2a71767240b282
8321795bdace7428d4fadfa30c2ee8e727e491e5,0e3e1734a8a151258574bdd0f88a49c25cf4bac43fd43efaba2b3f1b9b1f51391e8e45732a8cadd6ba69640bed4802003cea8fd1f01cc887fe05cb8fd68089f1
8323f1c687f7e2296ec71ee3549a7430ea7ec730,cfa9906585d53e0525f021b5a04743e6e78e063fd3035d6b2ef0ee55d6278b86d0fd7a18e142bdc526350b52b259af3844b0a928490250015bfa97a1eabda1cc
83fcfe8ba2fece9578f0bbafed4ebf5e915045b9,a8cb9057baa31b999b31eeefa80e56216c37a1c9d60ec6a9406a4ecce8d6f178f2e932339c992985a4eb2edc314df24a242ad1c9789ae29773b0a151d72e1581
840ff2f2fa178cb46f3871a992ee6eb908b3190e,5281e1b8179bed7af92939241516b8bd1d2279e55ba76eb59237c588378057cff60acd3ad4ba0002f01597311e519da3d3d217c04e7fa55351ed7902d5101e8e
860b328060180b2a14ae5c018aba2dd42d7ab6ba,503b73588e8b9b53d278e6853295f36007a7919b38356e14814d816bf462587a16e0d7d713e17b7be417886fc1a8a4ddfa219c977bc04f820339cd9920595210
860c72a9c3c10547256f5bdb494f92a9a6b3334c,6c588d7a33aba4abc9f8b0f8860ee877b962eba9b7bd17c549bdaa9f23c3e29640ce3dfa67ac04fdb1b1d58a87d9486663bf2077bd4dbc0f1c950b963fe7dcc5
87757c7fd54d892176e9ecec6767bc16e04a06a8,629f8cc1b5e80a04a8f3e647cc457982b2bbda8dac42af701281a5ffdd0c7ba12bfefcfb05adbbde8707241e426fb3997a0fa7a321f081a491c86b9d5c9c23ab
87c0444bb3100d8f00e76c1f750d6f213847d60c,b983402f5a07e410b145e40341b52026b582fbd4eda680b638f7aedb2e06ef277841d54be19150ae8532b7b7407583d5d02fb103e3edf2a41eb284264177feff
87fe3f94ea43fb7c4a9e351daec28b0b70a4be67,048253bc6d7991f0b24c9fb056ade8e5598741dc9de1d6cab778044d841101f8f7c294f4f9eb3c2619f62591d170ba5797b32ee5e82455c5b2b28635c2a4b75f
8858ea3b4080bcf6d7b6f5189dae9d8914027bd0,e41b1c64666e76c2ce4eef30455d5b9c1ecb183b4ab1ae4bd5ac6c5fbe01f5b65c33f88a8ea2d12fc39ec0ccd68d7c5ffd75365b6c832c64ddf81418c1ab47e1
88f09bdc8e99272588242a808052eb32702f88d0,4b4d7bc3db52cab4eeb54518d3902e8e0451afbb7e149bfef79b405f8798f0ee5b75a91e850f20f8e3c86f48e9fd9280993d0b31b71620fcf6ff267ef134d374
88f9e324801320a3fc22c8d045a98ad32a490d8e,f2e32ba061fb9f5211b9b8cd916a37761c54a8c3722b1610c5fe379c52f9375a4d9b0e6777936ad289ae16bb8534c212de705230a46ecb97ec9a9fcb7a5b7b1a
8a3e57a67ce3116c149388112adca9a774e9e79e,915bfea7407daf649cdd29d7e830e29dc8fc1e6c037b0a0dbbac49bbec684f9af3c852c7b6f9add6d9a8619c733d5f73c47b426886deb7e225e7d21868037d9d
8a473efb809b1c9ea7a4dd5cdd498e1fac54da14,46a9e2e0517b8c5086c6d316efb110545790a9e96f8a32a2240718664cba6a13986bdd10b52d606ece3ebf0b09245e9cfe1c5c5863446eebd9f7b97fe52f821d
8a77dccff3b02b9ce4b174fe1754a4234324fdf1,978802f57c736a4aececfbe686c7c56547a66aa3cfd95d02f4526b6c4a48b09c910bfffec91cb8de895a5350572db2a9475a768db44e5f2c839f7b4137bc82e3
8ac3ecf6973e020cc0e6e8989fb71b4a77d65987,4b369aba6c482a13d16fad5df9bb6ad7f26840f24c7b6804f6618544e690b70b10a5b3310a7f65aa0f2491ac9a93dc12a6d79ccaae79b74340a1e244e5f0535d
8b488cc76a38777c2f7b76eb6d49bdf430132ac9,533e2e384d8a65d74b2d5dfab74ba7d2f8ee446c99f4effa42127e51989985b43dc7e5972bde2f97204a38ba440a7db37741e1007c99277abc9e6fb5a01c6820
8bff5bc32e6cea3c8cf252341b0d366ea2ad7c3f,a47f9d815e180342c04c7b92b7845f00d3ed54932a1748b7552820b8847e407478b6ed9f138379e6f06963a6f44958c058c3d82a59a9f9bef9420d4032667ee4
8cacb17f18ddf34ea35be228f30a2c41e8a11d75,90cdd6710e5ac211f4cef1f673f51993adba3595a954c8abc0d5005f667d1cf589900116a3ff68436f8f3e74624085fd96e9f81afcafa068e1450bea1e02369b
8ccaf951c46899aa11e96435261c271c3e5ba963,dafb4b1899b6f09d948e57d0bf6c98eb40928b0ad89803d58d175bcb9772996eef2096058f11da03d9055eeebafe23230b4b3ddeb85120ea66151361f9108cfe
8cf389202bd3d1c00145ef546403cec9b2db0e42,6580f41ba3bffcecf4889a45476bd9345b8ad642a10cd1a40965c28dc624159ef82e980ea3d8beccf59ee405a0e96b2ed18eba956d39d6d9bae5aa90ec4b8e4c
8da24b480689314c6d217f2d0bad0daccc87ff44,98e2f0e97c6b43324b446d7e0108a543f98c6d4bc8f3ff985ae57fa90793b59fc0b169b028a2adfa1655d1890a660cb5ab80ec70db10d38797fbfd2dc7f49c59
8e71c9644898665a91e4db3dee8bdde97b3c71bc,1197c35ec2f73348e466c59c794e08bb77b37e84ebbce187a663b7ce7683f6f29fe7af1d156c11bd5aade2017c5b8a795f85e55f43379913c1f75df861ffbe1e
8fc93bfcb483155202b712bebab10f4b85d02a6c,b08387b7bab7e437ee3b3d72cd060d9301c657b6f52c109fd1e937446bba564f21d4fe0126468008cba33dce969bb6a010f7ee37c314504990e33edffe4c7f55
90ff3e82dbfd3179793ca4453881cc2a51512a33,b915ecf65c7c036c9eb0e7cf183751280bf7dc487739fa3d2bb7f2ba3fa24688b327bac805f199413a7f9ab2b82db6b4bbcbc706bce977718903c1f513ae2b14
91dccaa260cc4616e1a6e6b693db7207c5e42937,7826ee79da1a2631721a184d6bf38e276a3de3c1c8a27294b4a1bf5d745b0e44a294f729e0e20c166da47a60d18b229f6b51d354c8ae2af53966125f2cf9900b
91e2e2d26076c8a1eadb69273605c16ef01928ce,84f835a13e09ecc15e0e91a62421f1799d1db1b9ddec722c789ce0d454c03c763e48d11a6dcbefbfcd048c58fb21bd11646b044547781920bb6de36f3042b850
920d5e8a6d314cd59eb5d9faf526fa7b24e127fa,a05936f10e323b16b576245b90d44b846a83318412bf743d4a0e19ee8911f2977f607a21efe47b8596bd046cf19cfb60c470c0e025a8aeb58ca30a63a61e9ce6
9290745a459a476e5a73f0c49276139a5aef2a84,c9a3ed30161a7dc332364ca758ea4eae10a92becd6178e37db3b629aae9ba8bf3383495145efe76db989b095858b653947571f06c360a6c5b8ca04ad9049613a
937af09bd43bd2601b21d68f5a5b7fdad45795cc,72ff5701b453c32fd64055dc2fa9eafea37fb4bd82c35851e5fbdac470574840ec1416103725378fcd75377e82dbbd00917c9abbb07a83a71f279f0d15184ea5
94b9fa136ef7c17cea6cea456e2b0d023e69ebe0,52225306e8facb3b29e753dd17c1baaa552ea8726c2951dfb1f8083a9d9aef6f7a7e926d019c74351bc36a578160f034a58e0c08b5dd85d94fc620b56f84b1ba
9646e0f7544b8ee3649e7ac77eef0cf5b53b748a,7fb4bdd7dd2b72e342495b2c6d85c488a3f35d814271a651596a72e9ceb519634b0c438363af25d42bed57a5ed8a9d48c16d8a7899417ac4841a73b32c614ee6
9769334fc882775f4951865aa473481880669d47,e2a1e2c7d8d2d2c6c53af1bbd5848117683ca147eaf7cfa23387f0e05302b17bc15e79d2b13141d9543e59da822bc23e3c030a94a9744a9859ccfd4498905e3b
983214a4133bd027c18c26cb20c5945611d76bff,25a48976179ebf3b3e5df3de6d0c2b29d6173762293bdd5b9b0ed5fb086f5f3cee7afe5fa3e6311ce4a4a71984021ebd8251e0fa3ed3f83f57ab14a59d018f19
9979d204e93229c4355431dfb520e608c81bbd0c,47b9b82d447bffee494364b044978a8734362888b5238262f2c2e3a5d056fb44f3ae5fc9476f4e4aad74c9fb026a8eef7e085b5adbd1ad366b51ee727b856b81
99bc02c239025e431d5741cc1dba8ce77fc51ce3,d0f7623364590d484cc02356782521c58fc530f75767fbcd9d187fe3c310ddd9e642efc0746f2d5b90198762ab42f5b0b6f9a91fe521a96859a65299843ab46b
99e14da3a40ae897ebd88e972683f0046b4d7fe6,a378d5bfc6706e94799064823ceeca249936edba161f5cf033fa5b93490e05baa810d71c08518e0be1fbe5af63e9464e4de807350b3cb933076c3ed912712a61
9a9c290e8d15df4a0f880ac22342775614ce19c0,5b202163a935a28556670fc30f2cd0edec4687e356f2d78c950ab2f9accaa40d82d62b65d16fdf272e57c5771443ca3ecb04cb1836a9224176e50b191620ea15
9ae8912ea6562957043c8d048641aa9b450c397f,496aad951dfa4dbd58f7d53dad5a96153e802a32a28926a5ff7f41c16a63e21f33abee84e8877658c1fd6267f191ca3999076a1996cb2153afe1829f9ff153ab
9b733a14c4acb7e255f1af4b268ad9b330e8b8f4,aa81c5f8e7429b8b2d93051d48ac384f7ae2f377320c7fd5bf0191a637ee18f20a159c077c038d9b51d9c38dc57be0c38392cd26c603f6b9fc8a5d57a3ac554f
9cd2f95792660df4b9ca46c9a78472d9e7344667,dbde988e1c4b1092f4e2136fdcb14651f6ab3da96bccfa0bf67ab7545e2a7bf9b745d7744eec7cd413f953496cda3605d83d85859f920c07b12f37c7331c5ae3
9d398e6f534e7206d7f8af3b4971a1a941c398d9,46b29254d3381be8ad8fc72f2b2c4ef44d9dc064b191eaeb0254540364a297b6511edc3715ffd61778c63d268e98529bae4c5ae9e66a27b7f21041ceb4300759
9d3bede31f1c3b8532b98d8a9569e4b5b3fb6ba8,2c3543f539adb70ea70621a4884dd901808ce2c34328fe00d6e8971939fd092256412a7be9fc528cef2fbf4e6dd9278e38988af4bc2df9960c2bbfd05d41777c
9d4162ca2f01583e2f34cb594e8cf198ace99dd3,878bd77babaa8912236db24bd61749393547c79a6ba9239d1b8953a771026544731f14b5769c2ae5212247ee99460ad9326f9e4b46937150879d3bdfdfdd454d
9dfa905f6192ba863ad309a8250f26cf58fe6487,37da58fb7a0f3edf6ceabac4a2e46d6af3ff5c1532ec58fdba2fa55cae4ee8fd8a40a5c3c90622a210c26da1d52a8680b054ee9fe85d8ab2fc3866ed1ab6c640
9e2003d83e63d09432b5b1d7af22cf7b6c5b84a9,3d63f4b1fae1e72f3835419a36d60cc9509b7cf4fcee28f70105f77a0bf7506f1c1498f6640c99b3777af30b79bb3510c62fe91428e764955ea9db1d3576b2cf
9e29a34dfd3cb99798e8d88515fee01f2e4cd5a8,5b78057202a00386923b0bc4ca909fce77c904ceda3a28507b1070fd6b1a444ebf0028ccacec380919ec83f3581afacfb89d8274587109b092d28cb656b2cc3a
9e64b47bbdb9c1f7b599f11987b84c416c0c4110,1f853dc7977fb0d6f33c247254908ee6100f17f7da44b838db2e9ab4a146836b3c967f74043cead8e812ae91995bc7df66845f9610f96b04b69e2e399652e9ac
9e751d14eebc4347630242797bb31c65a29c7642,30ad91448e13226d2d2f3311bcf109a66897b80beade78149310d35a80d11af579bb51be8f09560efb9e1d48d1ca384efe368987ebb335b8afa9cb828aaeff40
9eedbfcffa62587fa5e17d1f556d17308c4a049a,c8c1cab4e83036c0640a7e41c8de30bb5656948500902197f80211fdbc39dd2b32173e52236cd73c806531a2c1e7299db001ac907558c286a2c7c88e1dc5c9da
9f4838f18104f4973aa0972a73a3f50bdebf86ba,bc9683168acb30b1ca4891dc34b9fbd38a3f17af6a6715f36e6af5700e5c992ba5f49d6a1f03589ca0738fddf205bd9e3fda4ddff778602602cfa3bc1eb7a73d
9f4f78a6c4a5e6f8afa81631b9120ae3c831b494,46be802022a5832fe18e7af25295c66482c7b8b7d56ba1ede9d02e563c103258a64a00a9a258f24c8348fcb0c85b2038d9b978ccebc34a2affc05ae7b071743f
9fe9ff41d3efd3a7a37a88d7c693b1abff662824,2bff50e8b919d20bbf808b3e71142a180346cf11dedd839361c07f62be57ec80f7040b42c92a20b6e753f52a8982f32b87994f17b4bf2c1592137ee0cd14d13f
a002c3a0c7eb9330c5b21cf3bec7fd1a7fa0befe,fb71b640364e1f54d19ec9518fcf3a939edf846651da704f7fb7f46fadbe6a11784e5bbe4453c0cb3f3eac0adf7c7017d10d8b65271e2daa5a0e480966db1d34
a068d2ce57234a6324575ecc088f0d3b2c100974,3e6b8b489f5ea105ef3097f5806d3f6d837fa1ff4d7a4af69aa47cf7a7a787830ba1a726929aa2c929352d5451cdcec723474a045d136c4de9d62b3e3e5e3ced
a0c5ef87e5f88e8ff8dab67af96a1328ba7d8c28,b0ea0d7ebcb363b8ce1b06ae05f64ad693042af067d68b804225e09958b8e69dd71a2ef1db6c72782b1caff940b451996a95bf67f782a83446806998feaf7086
a1168968174d3a4f2b6666051800115d86fdc235,32932435c620b5d2e669eadfd71c0148dbfbd6b6de606619d289674b8b215cc2a3a62d941f3eaf4638a6dc10338114b38e85396193a3418b9d0a7ea76cd99392
a1c0b11b86a46885b87c7ed68b91faa0c349e1cd,c2d2c0f37feeb8de3e1de027ce5e4bc8443dbd2568b4cb4f7f0f902e661514aa6af04a4a87107e88104533ee94e809981fba12e4db303898456b09a604498941
a1e4f7dc1983fefe37e2175524ebad87f1c78c3c,6c5e682b1f18b1460ae5f5446af3374da7c84ad42c04f51cc9acc7fb35a318e504ac0a83c07c91bbde5c72bf1b4381fa6f2b141ce1f0d726929de2ab7c5b0d2c
a2113f1e9a66c3b0a75bb466bbbfeeec987ac92e,e55e8bbb952ace75c6614491641266e32c0e975f46f81d2441668ed1faa3ff9199b198b468e886df2ee9569b5ff0f382d0e66191533d857d210925e39612579b
a2e41625416d46302e7352f56f8de92aadb6e886,fb4be441420bc8c1738bad298ed60cd9f88231a3677a470a34f79e3572d8cc06ce11264bd9f2e280d422eb170ba86f65a53001c672a297fb8819ddbff0200912
a345291396612c6dbe5180675405afdb7a38bd95,e0a4e1bfe397a5f998e6adf363b556c31bf5a2b5a9ddbd05d9d1e959d3d20b164c1398736d74d857013c4317a6d725ecea0a7e2317fdddbd0d087d635f1d4b37
a387c87102fc0b51939d0cf9a86f7edd05291d5c,97f75e5ca6a9a5ec11aa806868c005d3f72833359b51f6286ef2acb120611e0d3a58071ac129eb1c13df5af200554d3c14c01e90eb1deef7cb641bab4ec6cf6c
a397d02928acaaf6553fd7e832413c5a732cf559,a462b2347a3f43234dd061b395c523709630b8c364bb488b073012203a9c7ce280a68d1b7bed8b3c6dd1f06bb8a121a3c8da28b27e27636c8d69ced8954a04b1
a3c355571288158c4f7573781f9780269233a772,aa8544d5729205081eb758a379bd271bb80700cb90b1b978317da8981a13367175be2d2c71d56e8f2df2077fa45717ade6b9fce5d62ad1782c63879a89e3d8e2
a490359fffabfad1c92b3a42b46a97a3ac747349,2bd66e98fde9320190f392e03021a357692ecb22efcbe508c2d7672d7aa44267509c9f8535b0a4ad8207914a4bcbf6f0ad8337cc77f6a2d61660a1c4d9aecdc0
a4af07a82c8924c5fd2c05d00613bee46feb30c1,02ec40779ca748aca54a8895c0e6b2b11bf64f449a583110a95898da8646bcb427a92548f5be56a49660c90846f62cb4933683ba369cfa86330f144ff6c81809
a4e232fceedb3f43c8e707f8cf20b6bcf30f10e1,4e5816294ab6a665807d83f1410aa512ae8ae154446924addcbd5b2e6554c5f1ba3b45130b8f622cb2eb56bd57f69b00dceb996d4a76b7e1292dd5925132880a
a555d1ee16780b2d414ed97f4f169c0740099615,fb85f09f52290d0d45cddcac837442decaff7592ec8960122aee12e6c4d903b9f9ebe0ea52c373a7680edddcb126c44c0529215b1c75e3a33503f75c2b510216
a5609d5bdfe6d1ab847ff99183cb1885fb16ec9d,4fa7ccbdfbfcea8d995cdea82f5a378d13244607eb16de08b5d6ab27ead7cdea970bd8da6a4acddd4b28ee68b28add438346d311762db0920592e0b9b937d5ec
a587ed26f5bd03140f0fe1b8812b5d6a4991e903,4bca22739392da593a5cf493e3eed27c06d21e8c2c9122d04255e50b72a01a7248c054c0abca8b512e543c3a27bfe6088cf7a64559ef194b64b0145977ce61b8
a5960ad956acbb8addebdc29e5bee014f201d8bd,5b2fa7c07da9aa010ec83cdefdedd1d91d1c2f6c042010df408de6819db80ac0d6388684eb182b091fb9416e62fd9907417ea01d2af37342320144fb28302e32
a5f8e802cb58b84028d627ad72c71f24a49dd282,30eec068ba634ab500e748cf1eb66f71fd8fea7f4e9bad1f22123eb9785651165fb3a0a10324e05ce64855763835868264cdf82d77907681fedd1b9794c85250
a68af0d58d636c31681fad38447f607e300e1dc4,da40efff603b55ffed23c77e523bb049e9b312e6e36f2c0dccbff12052326065ea47b8960c4ccee9f410864ee208b5e0a734c9f6d0fe0f8c5ed407b932895eab
a7192525cb9fc74c5ce0ae714169cbd3073a229d,2843ec1f39c8ccb3351e5307427c00909ee25c6cfc624dfa811458d485cb8dddc767bb752f59d3554ce19368f2be8401728c1caa7888f150df8d8f14101c55bc
a7f3f205fb211fbd8c94273d0b6cbff725fe6807,fc41e74e67404b7761afe3a5291d4a1b2eb6529d4f35584656528abe688bf0358753fdf9ef4b7104c2cb0b48cd8b625eba5d6c59034cea4970e1f3187a39e6c1
a86882277e69fbf0a51805cdc8b0a3a113079e63,e2b243656d26cc581ca032e2cfba8b659641db04c18fe85462c7f9a3d512a5a48429ff8a3fef649d7412ce75dbc30341c6839805ae5bec7507bc3b048f753aff
a8b36caae34fbb59610581e49086e38df2edcac1,8cc7163195149d0858e48946948edd56da58ff8f401c1153495626f0ca14798d622e09af938d313f780fc8f67add650649c48a5d565570cec7b352e4cccd406d
a8d04cd4e1951291740ef977d56336fdc7f394c5,2ae1f63c045cec8c4fdf07fe22c7362cce0d60070dd608a8b7acd73c18fea9122d53797df59dc490eae8268d2d479de3f28f424712285c0f1579ff3090867bec
a8dc03cf31b5b21cbbd4a5ace91f7daa7340d5fc,0632921eed1edcc8e21ad7851a8444eb15b15d179ba2e2522f628009ba35f71a9d6ce9db86d820c2e8332aa31cfec21368bc76ed08f6228f1d9b50962ed13711
a903c06bf35286f6d1cdad25396748353979a44c,e01fef798492f3480da518565f1b6cecf41deba0c4bb25b3b188972b689580448c360bfbe9e852266de3dc003f4bc871098c57115c2881c5437d1b6d5b2c7fa1
aaac34d30d6938787c653aafb922bc20bfa9c512,75ece136a1aba325fad366b0f8fdeb125bf5951ff4384325d117676af953a85c56ba4856b2575fab43224b864978fd41d00db57b92a2e56b8c7dcbd795df634c
ab6a4b6720fd6ab349fd394ce5028730877593a9,ed7ce829b27df6c0b8ffef292731609b67654f5fd7b2f7ae25187a60eebe4cb70c99c700e743e4346d3128f1007f8909c8c8bf1f5a92ae15351c84172cee8d73
ab6ca2017548a170699890214bfd66583a0c1754,3ad7fbff037a490f9ca07589c75ecae636b72e2aa02a2108b393c22325a21482a6838faa462dbde9c7607f9cd91edfa4df605b9ca5e6d9de6952c47ae46ec15f
ab8270c8ffc59d00c8cf7350518faee68312a59e,2c5e555e04b4bb99fa3b5c8cfc0657b15bdd74488c8f8a0220eadc1e514efa09cf0928cabb1cb8fa68c19b460eefca586b1e26be4de53f8361ebc31c7bb588d3
ab9a363e67f8aa7e55bb27957f2c40f14fa713b6,e16e0821cb8fd66d178d234192c1fb0e4f7c2614cb85252ad13049154b61ae869da17b59e1cb0f76f3061ed825dc6dfc38e8b43d0d08a7e5cbb54b647bcf9ce6
ad22a7551bc8665b47970fb465015f762624f8fa,d1d5471bb77222491f0a3946e86427037f483ee2be058042e0de39b130aaa26818be10bbc1d9ecaf80617e3193bc51980352ab79d290052bb0c68d2e31020ddb
ad7bbe006c8d919ffcf6148b227bb692f7d1fbc7,1f31c465cb2e4f2b55b2479ea82682399ca6e6d2d2a712ad3998c113cf583239f7f8e1d49c677cb4c31ccc97620735231912ef11466f1401d73d886f8a7fa377
adfbcde3352965c23dfb79e8bdf92bd43dc20468,ee65dfa460645409ec35f3fb667d4920b532a3255a5934d6a648ea9eea42b35c3cb1de59febc8f2533266b19906bf3296f6a7daefa54f8c7d90237f593486393
ae65e700f3f8904ac1007d47a5309dd26f8146c0,86e912806d1d44efd4de60790fe271eebcee4108114e60f7bf5366ea79ff8c04bc1dc8d6da657cf02361a51100db3bc3b5ad4098102392c9e8a267abb12a9339
ae948f429c116405a98145c9e4fbb82a0a0c6784,d1bc313f75de20dafc84317e7c1d1687d86ff0af8bdaf456d9864a5df39bc473ab81534a534e2aa3f1f05c0bb2d170c845c530471686b95a2fd682ec6f779fa0
aec4075e4fc8ce829bc4f0cfd5e2fa10dd2b12d1,99e73f8fc9cb95ca3d2ae5bd08110b0f77bd17b3b6e376ad3a23c5ac6c145802abf400350eeab14a562a3ba4345d4de555d3621a4d3e7d4e18f05e5f35a5b1f9
af46162ba722bb7a09815219190fd34b6fb723db,ecefae55474934b15cc97322c2ddd50fb8d09dd21fa51d6feb20c9089dde154795882efbd283b631a7b406ff392310b61ef857fd198b9d9ac17831dd708221fe
af9a1e6a9b79fc77eafa40396e8a15d4d92867ca,eac0483d9a45d820bebe297232d491ed4ba6c816ac0f80daf93bf71e9a612852ffe0dea766088da5a6112d7a23499be8b046e4a39fa4ae75165daf219be972a2
b0a2852750b15038cf9b5be255a483e3063162d7,6b837e598e1f4abd50e2d38c8595ae64eb3dd34928d29424b694be4d947b8e1bec9be83d475b773aaad1cfa03af112291a2aa08e8de97e4d74daea29ca894fae
b12284623859d2f27e07d34a81bbe5901997a4db,c6c5583414c00f5fc9a412666960fdeba4114aaeb7620659a2fa606e07077aed4f4aedd588adb8c5b36053c090157a1850d26578f48cab4a92c3efad7ba9a5c5
b1c41c71d36cedea7ddcd5f8d5c5c32ba8f3cbfc,8f9417d3a1837fd32e43dace9cd1e53e2f5c2adb454ed9fc2b8b718e6c0f61f652a9d1f20e473accd2393d24e93a071627d6054523216cba232914ef7bd2ad09
b1cc18a441c352d4b68f2aa41f7ae240b702ca87,e9f3f06f05a2b8f212442b5805b050e812e733b56e0270163a6f0bf727ab9851c46b44f22c8b70a96ee7963fa4114ba017cc17053d64aa0cedb0903897cdeb02
b20d2b98151c4ff141a4ea1b4adce2964ea99af7,3cfb59661fdea975fc9055cf1d141e06c520c268c642d861cb71236379abdd7270c0e0b3cc558fdb6741c0b39b311b8ae71553cd2658156b4941fe599f34b687
b4013fa7fed306ada9ad186b50b88c72e06bd009,8ea6f254ffe38c56a59d55a891eaf585f5140d69d484530cc144fcb894066555d09071c76659650bb8670bbd6bbf3130421347d0135d34872a7c865122bef374
b4496906d6ea2685e7a46a14baefae9fe3bf0d2f,3b9b191d565cc89bd3e784f5f3b7ac059d71c4d2c935acbec8cce9fd4331cc722b7482aae30f153082552196575a9d697ee2ac73638281368d3982f580715a5a
b47a70df538b9a3b591bc5d75da66a04c879b291,8b2b0a907ee1bf89f9cf81d6646d8d3e0591239b6530141904a094dae80ac0c3bb404ea6a2d3bbffaf918e3fe6957bbd973b89082d682c2d4c033aa4f4305126
b4df3b128d7e4d7eb374e155fb40bbdef20e8068,61a767e91f68c462cff7276fb9d3f22041a0603a9b412ffc32f2dbe343b2e2d6933d52df991be1811fb4611d90c10b8060d9da56aa8092f896210ea8102cf2fc
b50bdbfe65b6650397404d8a6d972418be93ac89,8f769330c9c40f64d4efbb34e09ade0b283f0da29aaeeeb597bd64245cdd04effe78f79d53d419b9a04cdf67bbb35fa55810fd91ad94e7965ffd708cb3a997c0
b52235dc0751ce6e171c51fbf459fd6637c6ccc8,3ecb3f0097d0c2659a9661c0e1b062e65168a96af0ebe92565a7b5cc1b4f909dd29447fc5c567036bc24fb25012521dcdfec58eaba63367750e758bfe695660a
b54a56f5a61f9e63c71bba6e3eca4e1a75835e7b,5c38314ee033ec1f1a32be4f6316fe7ad645a85c74cd8b210b0a4b1d56f3df16ba84b0c339103f0381f4d4f0d66f9838e221241309a779a8c90c1d645f80cc86
b5ac414c576bd2f4291b6c51e167db752c2c4e62,4a4014153374a30def7f4cf5d3da111055dc97e4df501c136129838c172099c3214875b2be951b309b32056695a5bb5596ea5772714c3ba726c99a912bdd92f7
b63f41f0e384d89334deaa7bed8deb57b126411a,bcf1e03f5762389720f46d74e21cb082f504ee75f5249d3ddd4bdb419a116a63b0061778c0a7a83be3ac10d55289172a2480952102c9ff57728836da77886ce8
b733e52dff6d056fad688428d96cfc887b43b5da,3e8587af563087bc75d2a3d171b01db6c496b12b8005b65b2424eefb4f10852bbc25bba62b7ed0af12f1910b9c4dd24ead7855a2a706f6c7c312d1112682881b
b7b037e83f492750152f25c24547476f0fd7ba31,f94a9b73c3d14678be79ce0657d45f04157a0c73a688e3e578245ad2a533a072b3b90d91de6ca8e674fb31d28348b87c2684b8c07a5cfda8cf465f8ec0b28c97
b7c3785efba3ad94c2c3277e865a5ac62a9818d5,48cbd7dd2bb1b06f3441fe1e50a225d8370fa588e1b559de647946a51ffe20d860ab2398f55687dc0a92e0da4766a30aca752f8390f4548477ed06a775bf9301
b8082130a600ee4e174f9c95f48cca18c7498097,c9a72248c2dd7eac991a07665a81efd729c9e25dfdceb8ee0e6a2f33ab48fefd8d0c600b82994133b57afa0e4ca3a240f9fb33c174960f39ba94f8f2dd66b867
b877f7bb52d28f06e60f557c00a56225124b357f,28156244734e1d3bb59acc51024be0035303bc37dcc12b12b235805a26be21504a2e57c67d998fb1705be4094579915b1858b9d0a03730530d88900f26e84154
b8a9ed8d008fa1f161809f15a11f4161fb8b717e,26a4e7e152a7f86f8172f28acfcd7b52354a95a651a06ef5f17a58465be5cf48097ae10f5840199c1a19600adb5dc6462666597e7c29b8ae90fb4400f1c9b798
b947a2dac76067e077c2823a1caa9ed3690f0bbb,2b5f8277e31c90444f326e1b3507f36debebddfe5857c444588a119c26e26e366c275fab7be9c3a7f6297691973d7d53b2bb472baeeac66d87458ba7e464d843
b98e56e16ffd416a25bcc8d029f2fb193386ad99,dae605bbc996e6ebbd9fdeb848aabb6b31d7eb1e23b6c111125785005d520faab75ceb8804296d4ba1a27668a92f80dc62eea108872d01f18ff62fe1b1c97501
b9e43e4fa60c0a702a417d5e7e6df37151c1da28,adb2261313b289c8cf218f7c977d72c8e468cc81714a296b2df38be787ccf2d813d006430372316652550cbb2365b7b06a680884e168fc3b3475553f604242ae
ba2b9804fbffa8f1a8f7dc8dd600e21268bef09f,64a8461f054617091ab4936ff3239dae6c324f4a50272a2d517829b4dcd453ef1caa04bda216df66ee7c0f51e09a4b1e771af66a3580ddddaf3d095876764c41
ba52ec4f073285f46bde2c5defc41ca3fc7c9cc5,1c3305446ee97f984eaf4f1d5c368e23ccc7fc055445dac64dffc35a9f0aac86143f19464aea6db7e166c3c7355fcd01dde76145048d6140386ab2a5858bd9b7
ba547645be1908476e6c3dfe52b5f2c119ad72e0,ecb6d41c4d6dd4ec4b083911ade29feb0c19fdd27efa1fd4783aa78b7e58a1c6c0eeb7adbc9ffeb35b1b35d91a206c71b98395686021a463b26f7bad083e6e9e
ba93a6acac634551d49c5aab0f7a0eb2a6bd00a8,1617068f0b8f31ae080947edc6147e8f4f0209e9d7f822d02f1c7ad008e13f2b51b9c7e6f6b117d4b38c6056e1bb46170d5795eb8c3a01335e0437722d2a789b
bab0c5d4ca403d63c808480da65be8b3a90f15b3,48688109ae4aa18a874d59d8453a42fd89c12d508c5d0766c82c2d84c7377674b62843b06f6a06083c088b937fdfecdc51dea72290196d267af803552fa10af8
bb34b41d5615c44e2cae4f80a447feb02b636b66,8957f3061f43f4c5740ed32d1e57913b711b21455473f2734166ac92adacc2acddb8fb4f4e74485e91fce415df053021bfb9d9bbef03fc41d77af2644234d939
bbabf412dca36b2bfed1c22413876b2c4c99cc1e,179bf056f307f4d80c4176b7e51751a3fb8f3ed6e4f0999737d04ed7be6e0dff5a5780e01381782269565e3b9d8958b5852c282018d2a6189febb167e733fb0c
bbd4429f99f0fe92b5c35a47e84a337337efe6b6,4c6ed61ab9b6e5275d31073355d71c28c853e88b06628ceb0bdda0f7f634729b3ddf35ea5c6dde93956be95cd7a1bcb1b9535cc46aaf14d46b6d6ab9d6be596d
bc3ed6b537f2980e66f396fe14210a56ba3f72c4,31d657cf531a66e5281924ab01ec1a7654f49fe07b1cfe4e4cb341f181e3f4ed33096bd84db279bd36d1eb96a90e2f12cd22ca2c40f351cecd1762037d6d1022
bd57d8ed3ba9fbf3829d0e6edd307b3f23d366bd,1cbf95aa6d7ce55d9ce989a0c2044587a06bf35e390222de9c503c4848d0c02af27687b36cdb0b26fb8d2546afe2361fd8edc75403816b96a0c9c90a70d90030
bd7dbab9aeb52d6c8d0e80fcebde3af4cc86204a,f37698f72ad5abc3e574f45849f5142dd8e2255ecba5ae2bd76d3c1ac82907c8f02291c91971ebe75ab120169d9ab9e6f035f31e2faa700a2161c62f91d03f64
be007333bd094664c8d3ddcac8801387da800b30,a9d5fe601ab6c41f2da4b737f256bd5ea1b2c121b05c86f904e95c0870b323d0ee7223ddbf49799a05a416b400a189941b4c1fcf8807999217cb65fcfb1dceb9
bed2ff9ecc33e371980987b6b6613f9b0f4693a1,6db1d70a7566d5879a836ec4876cc91767102588cf9ab32c84c8412e4e532526fc2cfe32ddaa63bebca54bbd98454a4b46ed777037c2c7c72f16b0545e641f83
bedaf1ed65daf1e076fd1c49e1e893027005a1bb,fd00ed53b0e79299b0d19c6f81dc4683a15168af563ea996d720b69f940931f37ccccdddd237401dd7aff1c82f43bb08f1625361fe27b2c06af53373b112e255
bf8eb6e429ad46e672268523f672aaa51ec2691b,01e612419bd5b87b249369370a466b1c4a34db08dff7f70c42d08b95b1bdd348416126e797487f984c6ac6af112ed6e728a3f6c2170056e8b9079fd03eae7b5a
bfd8cba6a1e10e1ab4fa11a0062f4e52e13d260f,5a1e9733c195a355f263abf0c1463d7929d37108b6c6e222e140fa3c7ed8c8eea9d1d8a614269c7dba0696d14131dc2059cc4514671d7e12a7d4f0d9bfea8ed8
c02ad7b9a9121fc849196e844dc869d2250df3a6,f1bce323f89fe3f18c694f9a6ab85049366711e325e7c0e5b16074900f5f9e93e2757e6a68c313633429609e61fcf5b1f186a719b2bd7d1729bf69b16160e80b
c06250b7ef8ab88dc281b82db94c0fff5badd863,78a8b11c601d074b3feb5453b1e24de968009aa155a1654695e9f1a1ae3f8d49939ba8ff25d74c6c53491325743979dc693059aea2543128bfe89830a095e76f
c08c1b8fd69a22a448fc014bee4a700d70726da7,ab6e335bf76b099d235ea8bbcacf25d42c85fb72c805a59eb197689592d1dc67512d1b1dfb45aa970d371760cc140e4f236bf3788afd7a16dfaa36fb838649ff
c187ba53ba161aea1b1cca6b7fb8aebcc330d268,2f2e32cd4aa67aa6e13c00bf3461d8678ff69acd04bf5d2853ad4970d5b0fbe836ec245e01559bc7faaa196d28a0d8bb0ed6810884d472173b570e843af927e1
c241497902c946202cd87bf332663d5e420cdafa,43b6dccfd04eda1be7bae53d940957d073ae8c069d10fa271e40259cf444f43b60811d7ed9c1044142521f4b4f650817843f6d2b509a5831de2dff9d480e9912
c27bff1d1f8da650829550dbb49f0de0a33f1a06,d0b7891cf60c93ff1407f7da0ad2986ac9220803cd9e5fbd2ebbf8659428d803e3762224b4cd96a397c37995dcf1dd2aee847488ff7e9e79f2aac138e955fab7
c2d4f2d86e9ff3415c7e0c3ee44c8819d25fe413,006b546a0683db2063715e71adefa92ac9c698a7ca4dff397d166f73214333af4af31a75238bff9b3a5314f11f9446f0ce3e14263313ca087f915d08340f1c55
c3598d91844b061195136600ad243b077cc164e2,e0e22ad4b7299fdae3c299e7e553bf253a3f5483bdcf75a76f19a3e2b3d1b00b3cb63b43b0f57bf421e529299a0fb37aed843192ae81f978506d71ce841f4ea6
c37e20254cdeeeae9ca11bb0751d6114c97fd519,c5bd657970e216ae4cea4db35a707b380a684eca5683cfb2a9223109c1a24fd98a8cd851e6e292f99902fcfcadd02978de9037881743be839a52dd4b7c1e519b
c3b80922832450aabafe6aae8a6aaf1e5e6158ea,348536934e45002ba61a04ebf6648b8d7bdf17201cce743adc47a5e8a73d6f999a71438e2d64167306bb8a33c51a93315ac95dd527f8975d646b216968d22fba
c3fdadbae46798cd8762185a09c5b672a7aa36bb,b79b3fc3f88fb74b78350c7e9251e6c9c175c9e0f43f4c34b074f71ba2231cb76792a984c22b07bacbdfbf45feb846043484f8fc73775d85b9e4ea3f603df23e
c4aa57f26eee25135a2ca613cc199ccf3d6111ad,ecd875c9566bcfe667cd108e8a33582eb945736839acad4404e32cde5e52f823ba63504c5825fe4d0c5496818c300f56f4069cfac65bb517c20bfad909f20549
c4cd14a15a94be727af253335abafd6b6f411acd,f6c29751787fc82ab0c9dc6ff6f243f1215f02c149a50cde62462a707d5397c491899d5d7aaff02e7f519c563c4ec5de4e8df2a12eb4894163b65cd3c461ac65
c5986c01b74ddae63722a0575136b9c618223a2c,4a6e01268ae99950382151e792de8b578c1ef724857422aef29c23740c466bf86c2bfe965e50603612461e02eff4282d7c2dfbfeb3b150544d18be4a9669ee00
c6635a329cda5e98e7d16b6562d513313fb02a0b,c043dbf9b7297d637c9ecd72748693f1d65875f74fc4072636678b576ec33ab850bfc5d27ff0e3aba9fc5a5a0240279d5364a517579aa80c0871b87fd2131f80
c6f6c89f7f297b5230d2fd028ac06f0677c1857b,769f6e29e36984587eaca834042e2e22a8b857ca5c93e4a0cfb4ca1f868466f05c57652bc1e61d8c03fc21379c842432331d468fe942cb029b555b772051fea1
c752fe0551214be71435c374b8a849ad09c75fde,6e8b2dbb85671f01a2b89c58f14b0f5cb710a2b7eb0557202e073af79f015cb9ce032f8eac613f71303266627c09055889fad818c4ea1387849474d2515f5626
c7a0d765c3af6e2710ba05a56c5e2ca190c2e11e,1d970d74553494129a37e7929fc3bf90c862b1caa90ef2728498fdab78839d4e8f522c2d947797a5f77e9a0f3d0465d953f8fcb9e504e27833246d4260420548
c8108a3090016350c93094c062543f39ec605042,a5262f43df72b8711528c109e69ceccb4c7f57296960aa74f12209861631c3ff37879373c158b0ff56b2abf90f92665a229a792004fd5cbb4236b75a4a1b0756
c8ba12882c3547b5fb3bd215f474af365a55157a,3e4b6d50cfc6cd14f4e903f57588c8fac1c85b916c9b07cd822e9bd64098a63535191dac1f254987a2c965dc97d234b3ce55458d52de7ca774b27c0ecfdbedd3
c9e7bcd7604d3022b5a219cf07bca0980d5e1cb7,3bc6884e0a1c085d7a0f033bc01fc8deb0f770a65855b345f52b16bbe17e53f40992df40d433bdee509c3c20b48856ec26385d1d7f496096da5eff98338cbd6d
ca6caedcc79d4d6541b3f82dc7754a14d9b196f8,2292a5b59d903e008a8dd3a2dc3266b70626a9f29c85d7a5ebd7ebe6fc9013a375add155abf3234b66ba2c41c4399572df1a0aa5fb4f20117aeb58ba8cd0c4f0
ca90d43a2f3b9e9b356dd0877aced3df05296d60,2993c1226f949839665e4d9e720758a6bab01c6f6cae222656b41d22051b62c368c6d7ebbad1664cfc81e59ee99ca2c299d2b4d793d7d73e22c608ce3d478279
caf530d2aaac05c506de90db26bf6e7481032803,eba72b687fa5661213c14dcdbbd9b66a2a84d70755e2077b11ee72cad2538898a341a4888d2f5a5d550239d6baf71ca83f9c2e1505bd0d332e8f78cefbc3fd1f
cc6c1d21e8474b3578e69eb036c712ab08ffdfbb,9c712c80c2c66b79ddc94729e26d976d5f02527d4aeccd5be3f3c712161916b6c110fc22b200c16379b26a4b0a0635645730347d64cf62a998b254aee248ded0
cc7344a557cdb86f7c713527c05eaf7906e1abab,a6d79c61261d96afb3a9f82988b24c596c5a81e3b8dde124bbf3a7a4fb999020c3d86929e2ce232ba90f67830327530dadc15bff60c63639f42d85ea68b0ae7a
cc778603d10bdb4865ff6589b4f48ce8f9887744,ec147030716ce1abbf16f33fb745858911649874586a9186d16eff38bade3c61382a8a5f7430b55eef722afe595a6c747172cef22bdd0760fcbd4cc889581ef9
cd262b16421ac23d13d345e4e08875374d5235bf,66312c62a0191f7a87d053038757ab0dbe4e14764f10b83f83ab77afd1cd793b60b352d9d959517eaa8899d9703286549426165d3a4dea78b4c02ab60a4faca8
cd6ad2b7771f3be431e84e75d9ededacd254832b,c111a82e3f96d504c5fd15751d4c37e022274dec765bac67189fa9af9e865fbf4dc6ff685fe9419c82a55eb1c17bba301266cbb0349be11c9e83317368dfe1f2
cda61804e2c2c9fad5f261bf9bb5fba502abff75,d7a64509cd3eaac2c8db1e02924cc77594552fe74cca37b8048531291ac31aa6a4aa1dd57a6eac52af150890c4b8ee37ac75a57cc5efa19d4d6d3d300f398a36
cdaf9c60de6e99cea2d8745bf5ea60ad1d9d5ca8,e48e21f98bba9d886857705daf17b7fad7d3df0907ea12fa210a893ab0e68fcd6f3ac6b6455836d2b6b3d459a604ec6d8361179fd04dcf7eb7c0dc078f437f31
cdc9bf21e1f822ffd518fcba13a4fa4766b0ccf0,c587431f4842c7508e54ef586532b1dcb5dd4021bb1c216f6a208f49af549f7ab2f9615af9e20752d6df8f6ce25f9363a4bed132120218a6678fcb659d07a996
cdf67b8abfd40a774cb8b735b54950fb45f279f3,4980e9f6161377290e834648b96a0b7caeeb28a6977a8a1af0d8634f1cf04b843b336579a08ab212d006c634192bd61ab8ad09f4b8939982520b9219f432fec4
cdfd504e82211b37c5e18ec0f37355a2ea3fab6d,dd9e4758b8f99ee6d5301cd7dab2d64657001e17465f12fcb1151ab6cfe29e1af41dd496664a8a4fefd6295f316d18d971b71697a5c2089e47eeff11331c5948
ce57088def95670f09f8f9009096d513d17806fb,a80b3feeac606675e428f70a728e5fc7924d1fca494bbb6f25fc40203892a0624331d043fcd6f33a9b8255d84583000b783ad1b95fe1ef0e4684e303ff7ea766
ceb78abfad166c11e350156fd671b385265a6c87,0e7b93b632d0bf2b6e9d21e29fbc19e4efdb592e8960fff9ad31c12f7a55a8c41546f68eb87d16f5d29dd516d05c9123d91915ef6c0b4e6a6d378486de77b235
ceed9585854f12f81a0103861b83b995a64ad915,9f5ebb91a921415581269fc8329b2fcbe506c18e8af45233d25074df96349b54131b33e84bf28b79e9fd7a37491d3ebcb325c020e929e5f25f11dac1a727a818
cf4e26a7e7eae4b3840dd31c527096e1265ab990,1157947dbf94d2a1caffc8e31f0600ada77f57c3f48ee117523b29ae1b2024f452872490e4498c9819119d7fe62959fd214c6347fa79828a29077c03495499df
cf6165e56c3383978f6eaaf58b314af41569c0f0,e4a7ef2d947ff4173443f34b790ceb674d19c2570be804c844242f4ff4d7cb14958153e6215afedd431f893c438c2e4be070703687724137630df1b3622c63b1
d007058e9b58e74c33c6bf6fbcd38baab813cbb6,d7730ad41c3e23c7b9c5c75b2666ea16d05451bb7a18807cab0d509dd5e837ea253120ae894565f38f0adf64a70ace5b967ad7d86bbb4f0674b023080e01937f
d049b3064990869c9f73bd7896271d83325d2067,065e1f2be96bae6a701e46a52a807c5919d66f71ebd212e45851a96757a555b2e86088b74edeaf09ae236d4d1afe14dcb95d373d37ced085eeb46bc748994be0
d053721385c004527d53945cb6e628cb0040f80c,79a0f89948ec72d28c38c2c3e18746c9a1f2a7aa1659e68cc14a941e9c260d3487d865a99b49dfe1d94a858281c1ea36d8d29ce6cf49530eb954750dd5c7c10f
d1295fcbaf56bf1a6dff3e1df7e437f987f6feca,5d9d96a5be3c6d3d38e298b663729659bdf5860fb57e39ac83d8ac43e05402e21a10018080bc83e6a5ce588f93e21b93667e49c0eb75f2263e364141c0c171e7
d25973a3df7d2341ddea48303a3e6addec6184bf,a546173ab24a6602accb3ac5059cceb1f1f8b624f17e3499c8c856bbe285ebb9ba5daa226c2f686fdf640eeb40af8da3a0f68c5e387d96bd2c986b9182e1d27e
d266c194e126d4fcfc85e8c665ed7f668f6aae93,2a3938dd6022ab3e8952896a0f7781e8c8780ed1d3e0a69d561076e1e2d38db7948b12d2aacc59d8d7c02b80ddd05b6dbc614a96be017698fcf0eac7e9fe5962
d28ad2cd2d3dbfb67c5ab5dfdeccba4930c83585,bdcb23812d9ef9ec17410a7d1a4b5f567f4d2dd12fe507bff0e53a426da2cc543cebc0edacdbf43c80a1c2410d82c3c61e7f96091d248ce2bb36c5998d0278e7
d2a744047bb754040911ae14cb5bfe289812e9a9,c2f0a62ac8a83ed2695a9b8ec3a1b5dce35cbb7008e34134f15be571ab092f80654dd97c1ddddba65c5a39202f80b0df72e939a5a0ddb12dcb9fa88605af0b18
d2ef6bd0ab75fb5b38e74f69445da51d9fa8200f,2158ecd7064476accadd819a4b397a0a4eead7302f4daccaf1655b63269f9167e2e2d1741d5827a4f9260f56be3417bbafcb34269c95fcbe81e9e203e3f86f37
d3db398162a5e177bd093ac231dd28096f72da5e,4651a5b53d59c9b06b34b47e3ca317628285da0591c5a90bb157379a1b1774ec7afa7cc92b559f16d3fcf67bbfdbe5b8101e7d726625dcb1f3415bf1be84a564
d4100a2e1aacdeb18bcda92a280124a7111a12b6,e39068c0fcb8aee30fe0e0ce6ec39b85fbc2038c69d0b06e4b4eccc602cb3e68e316b2226029b6033d6f329e6b52d2e299f33ac73a388d31dfb43d8b2a39f951
d427d5adfc70eb18a6714086bb6dd74a7b8d02be,de27d4e0d396a051df1ab7cbbcd756992f49f0ce5e144873c3a1cc91fc41116aa612a6eea98f076ba27c836f2f86b4bd5c1ab6d598ceaf5705ee76d333d669ed
d44e9b676e74ae45c0a39150be771eb189bb2337,97245a1a919e0cb31dd304b7cd65f0e7628941d306f4bf793ca92a8596bbc9e7a733c80a2aaa390a6e675c5ccfd577f1ea460f746c0e5456d6f76017ee11d668
d57db91ee451b818c44fd95a44b952ed5c0eb4e2,b824d440d1e80c5aae1534437a8cf07ad1859d15ac13370b4347a8c9d97420755303cab3fdfbaff5d21fea2621ec9339ef680261d131f33bb7cdbfc4575567d2
d5aa4e207bbd5491e5804fe5e3b902d0dcf509d5,33d2b6f948abbcfd4c0e3baa2381796de2cfed5715b7423f3d59b1d779affe60eba170029f9c8f447b4280b0404e31d7bb610a026c9c4b667416a2297e4d7397
d74d4b30c39a9efa7401f92d859c7b750b879677,3ff99a1a6d95e466d3d625987e9c9ef1a58da954bcab67a0c253670b34d0259180f45dde9860a0d0f2fb25a38ecc86a8dfd4a7d0e33cc8a50c464158ded9cb48
d7dbf2d550400c60c92b7cb1ae0e7cab42931bdc,2095058d4658a01b9bb1d68c5a5bbec89327fab015efdee8e43df74af6eeb4a8ee6ddbdfdd1bedf0b6ee2b7547170183d8592655355e02588127fe1616e318a9
d862bedfb3c49b7d5e71638ff96f1bed6ffc134c,0e09d9a293d938e220240fa781db3388241d91307b474d5763f891352c7d57fb5066da05e7c2a8413a1491ebc9ba80220890390cfc704e0c48b8182cd6e2a1ce
d894c509f900982bc25e7ee665449d9b8b208d8a,e899643a50f1b3a0626ee31953a5385b5e96d582ba2d178e8739a8242a3354306ef796d7f4de7efc4b57126c973a99b29f7ca0db92f9a0dfe91cd2b3451f6080
d8a22ce6d0da293d0ab2fe743dc163f12c3ef389,9e62d98608f72b3b6374a4b409b4aba896840f11d5b4b38838ff9659d6e47171b515a33edcd608d1eb36c46b77cd5448778e7d1c423ec6a3f7e270bec4bc5f9a
d8b32361453e7bdc3014027d736a34801e4915a1,568df180738b9c6af39afaa29bbe4966ee63957b83ec619ba52a858e1c791191b68abadd2c628edcb9b6b6cc9bdd842fb1b993ae4d92568d2dfef6ad7170f028
da2a4f7e5b5afe27bb997aa3983b2df228ee1d03,cc9f955b36dc5b79b4b361a9d0287f3b7ce0127b04654e4611e19f34799ca2759ab580d41143ab67ff2e0adb34b2cdb41e148c3b657c6f3ea96b7a85f5028f86
da4fa3162f46fb9508949e3bc14093fd0a8392dd,cfdef1342a9474c691f35c13cb2ec98975de6bf961d203f0a2840ac7d91ddd99d84432ed61284e9069898a6aa0b4586f4fe78cbb8f60e10aab43b983d044cd10
da5921614a824a6cc187175750b8b3dcb4dbe67d,4251ed45cff96a016d01d28fcaba82cdca9b4909951896bfe502f30d73a65cc6a877b4e3df9b1fd567bcab12ee0eb28a10ecb7ce32a6877b20ff24156c39e7bc
dae3b357b18854ebeecfe94199ab4ba21dc1c3a1,fec683d59eb78119935875e1dbd970ec0c2b7fafe3ea64ab10de55e5211082192f21b7098adbc7cd646099441b8816a0dadac6f91198465f7d0f6b524892e0d1
dafadb162cd8e5df9f13f498d215f56771801f44,ae656772e700d46e4c335c90986f379efb2f8afbf682fa12d99073fc42524d1a63483926105c41bba0e6ae0db6741ba20b15474e80dfb207b495774ae8562cab
db7f66f3d53a6a0ec43a49c7b6713e1bd3bd1383,075ff6f389cb21fec831f9fc0ffcc0eabc651c33f4e33fe961e51acf09373faaefb2c306054ffd7ecf9b3683ae4c3318d9d2e2c7357e70d4ba2de16fdd14a185
dbef9c83d5a6b8f9662d22e38db2a4eb1d70569a,f007fa26ee5a6458378873bdb2ee449cedcbc4baab1f23acc6bbe51abe2a8707239defe0685e04cc3e4a45dffd5df185e8d7e7767fd728cc90320b615bd3719a
dc8d7ecaf56616581ec3b86a978c538e811a89fa,52179736fb53156ff55e9ecd58175fdbd56eb98d0d29b433800374934c523505ff72a565ebd66533bcbc7645b46fb49fafa6511e9576b7e023e824c59a0e6ad7
de6ab16a4015c680daab58021815d09ddb57db8e,8252cb24b1834749f7bfad1f731dc4f58b1c71f96f1cdad2326beb711e9837a081c12e596d8500176218c65ae7c0c61b8081dd32ebefce41b795c7403c1cad4a
dead753f9b1eb8f2f7372e8587e7c6e342daac89,16f06dd76784a249166deca71c74b0c721d693280904bc69eff7cba8d8a154ad974520dd4493fd4f2038f21e694967fa1f30cd0a179779200bf688bf613e50b5
df4b66086f403f1dd2541c9ce27bda10c55d7d1a,3692c826ddd3c10b45f13a595be04897b8bbe6acc8661586061c89402fa788d6283c054451ccbbaaedca8750e9c8312ce8ebff8db406959d0dfae46b161b7501
df4db131999a911921b1b5f0422aa39030eb4b92,bae6975e1a9b124024a64cd44827b4f9078cfe7e4acabce0e16912be42a3afc1dceda1d78b30ce603bee5bc55d1df8dbdfa88b6264131e81bb03fd0099fbbbeb
e085327c5ad2f77147f10973fed45fb19d734f7e,5b1dcc0b07fd8189508cd0c8d77fd6cfa6661dcfcb6e24c95e2569c992fd635cb472dc18835a3d1a55fdd8caf843169d5fb88404de2a6d4e39b23bf2762c4017
e1ae1d96a2f78ea10c79a4af17434e18269573e1,f91c7f237d0e9970fb81d8ff3e942d3bde7e7794047302a0e9115fdfe407d1aece279907213e1b19478b2959091d00f5b5264037cd45c9c6ec139d2fa59c463c
e1e959800a8ec49eacc0d9f953d917d425163088,8b54ab2ca6cbffd5219e8661946715276fccf0d49b8fc1845c6b6600476312f142d4bfa35cb29fcbd78ab9f9864fa536200ae1297a80c1b237d2d475e099058c
e26d78c6bff297bbc2da3f80fea9a42028a4260f,a2bb8e01d1146fcef41f737ba72bc1e9878f6abc006b0e7f008657139e61f05b549db7b58cdceacd488f3db513767efbf5a153b104019f9840d3699ef3b4367f
e30585034f5e2ac9635cf94d0fd069d6bac2f7bc,593d8c2b3b9032163c3bf6c1b25806dfb41355178e946895529a42ea1997ccfdfe9699c7ea5efdd177f78375ee1206c549f72a3d9deebffbef3601eb754889b1
e3064d830c35119a83402636816444446ac72d36,faaecca37237853215005c163eb90314776bbc920bbc37d2c857bf3a18acc17b5138ca5d3ac6aab593da1aa4f386e0996a2bb917252e19e9fb36e83cdeb98ce2
e32c7fb8f2db8c7be2ace8994f659a42bb9352df,8fdcea39aefa3e7ca5cfb2bc40553729285d2238f45f83e9d3e491ddd72106d7c3f40b3956115ffafea9411926b0c3b6e31eff859afce159106d91de2f5900cb
e3d73daae939518c3853e0e8e532ae707cc1a436,2c52659f9818842f2b9e10c19fb7e84f74754cd320c09fe6e57a8bdcb78b4737bad15ce5cb712b910ec3eaba864d2b583fca0374da7463c0a86dd4b1f3b583b1
e3f27deff96fe178e87559f36cbf868b9e75967d,df7aa35ceced18cb0d717cdefe0915f4707964b8f611e2e1acf9b0261c6ff08245aaa07e3430860e2a17033d44779787ccc0f6214ba6bd4e44ac8fb0820b37ea
e412186a1865c4fe54a79e0adcb08b81233df674,383d170e45c7aafcd5dc3b1d8be3f1006540a7f34ceb3cc8d05bf13a2ab0ad66e8480a2e334fceec8c8466c54d6da182a60ec39cb19e45375c26bad1a651be8f
e4b34b302467b6d2d5b2eaedb35376570c3c123a,0278fd18993517faae9ed3c96392e5074881fbb6ffd3d3e272b0956a6783113042ac52069efaf9a536bbea739233fdc9eaa2d94db2ae56be300b3230dcc939cd
e6397f9a08f456541814efce5dbb26e37ed44268,7c3199b2ad96b136054d2680aecc7e92e794722bad8dc3ec5205b16fe9f4f380596621dbfb4498c60c750762c506dfffb55cbc4fc0a43cfbaf1b3422594165d4
e67b8ac0ccf95c6ebdd2f8800246d73ff5058932,1345ef62817357aab5182c58ec1c846e96a4f8043ddd605c2bc1fc38002f4f6a19e096b296d966235aa583e57b9f2705474c884a433a582c07b6df2f0b4802cc
e703f231ab056ecb99c92a1232cc1020acfc72f8,a9e04ab76d193e530bd79ee2c4f18f0833a9e3d1cb581661ec2f01ad7f45041eeb2d9cfb5e0b7d9c7812828002ae00097206ccb7496750d3c171a9732fab3746
e7304ba0f157f2ade94015934284b6704bc72911,a2817b379f288229ed4b8e632bffd68c30ab8f5feda578a196db1be2f50073d5e8537a5f0458e3dd5ed0bcd9ae9b007d79b1c89c28220ba8f75f5f9c9eefd816
e73f9c181b571cac2bf3173634d04a9921b7ffcf,260af3bb028384e960e5f57d430ef5ccc789edf0251c86100607cfeef3b53c83d6e92e54946164a3919bb389488832b9c358568e063e47e39fe11babffbc7f2c
e76fdf190c0e62722fab2d987a1595e5a1920a00,c78342332e60a5a7cbf7198175212a037f1d2b34dceb45f4b4d5d5149f0cad4e8f4439bc82bf0e196708f33f196fc8cdf6139d0b51b96b66289d59bc967702de
e7a1918a4da44c413b767ff0b38a5dc6dd252747,9adedbf1291556a02bc14e88f122baa6a9f8b27aea0fa002a68664222eb9f2a6f0d729d3aef3faf7db2e4abfae1d7d21e9948f444f17f560d07572fcc40b834d
e7d71aea6fb8248d4fd4d5d5098d201674b531db,77369e89efd1c8da90ccf871e5f6efab898a6f987b5038be27326d04bcadf3141154e8cb6b30b49aaf93a6280c2c4773c1a888195782a08bc6d8e5334bf3f708
e83054865a23ca7b74e4a13a5e7bbc2010291820,12bd7a83937457254e8d13b7b491d827e28f0243d67ccdb2694ec8a0292997980f7a4c584f67608f6b0534bd9d009556cc0f8ec58f75d94e6fbe8f26d4382789
e85181818be130914f84bf07f0da3fc80840ea28,610fa43ce90a3b46c38b856aad39671af43ce92c6b10ce225c7ea7fe6c9cd33876f457719d3fcb06f8ca9cba1595824396a85f756d66f2213fbd6ad4b0903f7f
e969f33397633ef579a4b64fdc46c33034651d9f,4d83ee340e50fd96deb2920ad90266fef0c95587eb53ccc7ac58da1c814b5787f915b8c8dcdeaa1463877eeebd822f139f3d1b80ef979a5ed7f38c16788205e3
ea438258fe6aad6ac9b96dba9ec664d4cb0b81fc,843bf4c6e870137c407fcb89e79a84f261df987da64d0ac61bdcad560ba8511cb8465be412a3c7926e427e87bfa44f3716da5e58371f6388c939f2572d273681
eae088c981a94b72d05ad70538c27199ff21fae6,05e7410912f7eb013abf9399b1263a8194f508bba997b42f34dc13e07b1555f8f3a76a5f3591f622185309379b4ed04b73f1829c524a85589389753585f3a428
eb13fddfa9b2a4a6e4e7b2d67b6e38c208c41249,0375b72422ffd9e8ed524e3fd92f3f32351c10b1b371263e541932d283cd0c8eb916b09f388ba395a4e24832071099f023c238840358fb02d52de0abd4fefdb3
eb1c22baacafac7836f20f684c946228401ff01c,31cf1c3266bf034039673eca9f116275ed5883831e32be43d2ded78f8ed23bfee80ff8f08a2f0cd9df7dd31a4ae252682c20bdae982874e359650ff819cc3bdf
eb3b9f824c8551a58a427aeaaa1044866bb5e28e,084cdbb8262e82079e97601dd1258eab882b0725dd95f53b23eae0faa9c71d84ca1fe4176e26be4859d980fa97cb744ce118ac5825cc8702f72386f0df8f6ac1
eb4d2e17a1fa87c9a1d68684994dfc25bab5e474,db0fcf0358bb6c95ab8bf409de06f778d92d25b7471f6b934a90b01f08f51182d2aa312aeaf23d25b686659c000ed4dbdd5548556397101b78634b1366497b28
ec0f63b46049f65440a7477af0f73534ec2269f7,0257b6dfe4115fb423b96806e84f90ba342e252a778b14cdfa375d06da9899d3f574ab900a0803b1e3c3cf04903f7b6e1ee835687865572f0142e1195ed8a07e
ecc417e35899a1187e9bc0b7ffcd32d076d1c663,ca0259b245f836b5cbc3caccbfb5de36f1a5b46f026ab5be6ef17c7019134a14745aac161285b35e3685ed3fea79fc8eb08ee887c6eef4821d9c8e340986d7cc
ed5c6b4a540320b489161bc88184634a9e7e75f1,3787df217958f84360e2ee0b8da929bccda18c9fc33d56ceb2373a79206136b0b10cb746e04056cf329088d62804b67791ee0011251b91955f9b73697199e2ba
edcc867bc8b5febd0459af17a6f134f41f422f0c,74c4a3e2d5d7f9c47e741d840e16940d513a6a2f7ce9d5240dd6572bf351b8de1b1fe9d8f11dea631bec9e7a874915d769743c4a9048d137497c1aef9e2c8825
effec2d0163343c8f26983af1f6684e0b966a6b2,6aa429950dd38267252f0063c0e91c602877a52756bc5df272ea633f528df76f5604608c298531190d781cf142869c176697949b3e64c8d8abaee16a59bbace7
f00eb5c4b08fa16b946185e31801bd6871b210a6,1a9032283be180b3323937ba298bcd07982cd077174d024103706b8d213a8a3213a9d8115e3d3932d0b66dd81729af5c7d7ac3eec8a3499afddad4c9268c9265
f05a0497994a33f18aa378630bc674efc77ad557,6076456b92471cb814489014ef7e0e35bddd78d74bfcace35797fb5d7ea9e8a638b5cc18cc54697003ef89240bb854b11e7b2ffdc5868232ff27d3b69a7b5f68
f0ae4f60a4dc379ae25371a34b4b699dee8d530f,8431562611dd9ebb3b5b46bd0313f4fdbaefd9b1bb6b4c67ffe5ecf125815f500b3377b1bfbbffe163ec9215615c75a3d68251062b08d6a365858bfdd4096a25
f0d6999725115e3ead3d927eb3329d63afaec09b,d6abc7ba848432c465a73ef28a6ed8c5f4f5c62aeee8eb36d7793e8aad51f01f1cfafde6d6e770ac69ae0623aabfcd0086999aa815a2e61ba80cc21a4c4ead4d
f1544ba9a1ad3c8c8b507de3e1f5243c3697e367,d748591341dbeac75c05ae6b6eab5c8dc29f21193c5b20bfdd31e0ab7bb3904f7c121041c2e1caf3dedc5be24c0023bc2349b8772d553b35ce9752d9c5700555
f1d4b2fc9562d64a7ade249d492996918cf65b42,ec65127a70b7fbc3b8a1c07dfe4e1c815acf00965e8794af7b39c7e7ae5044eb1c88ad57d483eaa39ca0d5b9f8444f9404e323787accc88d0d317c804fb6c4e3
f2989961bf987bdd6c86cd6b845b6faca194a8e4,d0489672a93e73212abbfc5acab6f733a30db7c7143f7c2e186577c419aee6b423204d5b1c6fd9dd379c2dd5274f88075387d1a918b89b0946cabe42da1a04ef
f2b7bfcdd6b596767e346269a8675472b45d098f,bda094ec85bcf33363582242005dec2ea4fa7af7465a211e4b21bae57fc0757b3dda8285119346b0155ea372211a382a1ead460fe3dcac668bb7c58226680444
f2e7fd6c7ac39165a428245f15da6487ce04270a,794f1739727b99a69fa517855c479b3c7139964bc0cd323c5d5d66a1eb269bee10a5cda2c7f741cd0aad04b94fa0a40c17ef80ddcdbf44e60df7d123ae1acfc1
f3d3c4532308241a4e5275a268ce4e5ed787a95d,d66b71ec02abc2a1d62a2193120045b0c0dbb4f3307dd4a76fc2ca961f013758f826fca31e548abedf07a858e70bd9b2ab70eb778250a411589c3cd796db4b52
f3d5e8f1cb8cc717661d6a8e692b60cdd1b45ca2,be7a8c9744ef4d85ea590cf74132587e59139c06789ab98728d2007f0f59af0405bde4395e291931c7070e6e255b532defaee87b2cbef371646ee1a3577e4dd9
f4290ab1a8129b8b887d3ab331f24ecf812bda8e,7dcb26461688929815cefc11eea33d28f2b3f1aedf19dea65c44782b169e917714d6b686c12f3433acdb1b5bc3537d3561938beec87a2198ba4a42bcd212d698
f476cd75be8fdd197ae0b466a2ec2ae44da41897,bf9343619178d60325cabdef4869b53bedcf22784b9187d78f933809d16bd84b56aa82b04e0a8484186b9231513240bd57d358bce2a782499c0f659357c9d0b4
f48c2336089151c7f81c3bb87aca48c14e062cd8,8bbc748d2b3670b2fe4b01edb3cbe1c0210aac6b3524bdf0fe5f12fa20df91f2f50bfe9cb72f4a69c1e244f8a60feb8e42f3776e2cf779f2242d548520b82535
f4dfcd61c36fc3ac374e52206c43253e14c2ffe2,9d5a9dfff6821679d60c66f9d175c68e03c4b87047711eace5ea86cd24f06a0eeb096b4940286adb11d895e58e9e71c6ccda69c5d86b9ed2d1f550771eca0cc8
f548e317e87434b1657f84dd57dea0c9d31b502f,585c21fde768122140a9f32f46fba8838714d8082c8a40caca7abca1f381f3cad6bca3c28d646438d5abc4dd12b992e97c854c4a3907c7027aaf0de714f8ee27
f55c66079a5c5c2774400dd8b8e82a2d0ae0774e,20ade758123c18c1a79858024812a9a12d53f1e3d2091193923d4317d0e9c01d52921895ac2418eb88a782e5dc543b51cd4f5b52620c0139dd10d0af75e57c75
f627e5f4bad95a956468d8bb6ee20b119f992e96,e27c2cee05ea8784bb38e2c08cb5d04b911b7a0be21e95650a6994be4afc818b3fffe15f1968111e985cd610ba93e83a0519e4de882efb5f12e28196ecf139a4
f65ea2be0340ddf6c71a4f3c2aff79d8c8f8f9f4,38289713f694d11df9d7d1aef524867f888e976ff9b1c2779ed88ddb0487699f31cb4512a4a97b29b108508164b817676bc2f4453495c0d219cfd07676dd6907
f6b6f07862a02c85628b3a9688beae07fea9c863,18d1c1fca67bc3b82d66897815540a74d5cd275b053e96a1bc05c58994773424c0d4c1f32383847a1365a607e2caad805e1be1634b28dd96739fdd272d41c0ea
f6e1e441c5113e9a76f84efa6c98f54a036668ce,f95a25e17d1a8cd84c00554dc5620117cd323570db5e144c6af7703fb93e12095eb85e0275c17261eddb9c54e96578fe4191a1f5a9caa1a70634d6eab07a25b5
f6ea6de3b28e284eec682c4e64d43503f44228f1,d3084b86ddda72f68a387b318c9660b93a3808aeb045fcdc2c456309a7f5c9e9d4a23f8d649745634e22e85feb3e27621e0921d26bc5378e0bdfdea074636633
f7571cd2fc4703f348a750193a665e9d0a51ba81,67f79e30cf0fbb57481dee6778969b1fbfc6753571d217b8055fa4719ac30ce70fbc6b9d588de3f5a1358bad14d1aa7021323db89007eb8333c18b9cc5e1bad2
f77b133b0260e3fd7c2ad4eac36ee8828e0560d3,314478d978a2025685a74093e4e61e35afd018c194cf3148776616fd25f5d0fbb3c40d8d5698dbcc2320b855113837bea546ceb33f2a39df3563b21f84de6ff3
f7b528495cd15349a2c7de23328a37e7b64ba79b,f279adea6a29d3368d22f772e44196a6a75439e7ed69d95e56ee525817e0d938c0aa02a22e7bdcf58b98fed21dbc80e2eb36148d18faf68a01d12c568941747c
f83e3eab14101737d1dc5298888e4895e17d261c,02ea2684fbd06e50f7c7b38baff3485754d7b931a5473cb7417f4531e70b1b90203285c87a0b55b3d8dc6536085fdbae5f2c12b878d40511a63250859e062368
f86a6fa100f50e9e715b57d176214c93e6d6bcea,3e8262e48c57796ff607140458c1d1173915fd63ed1e74102082c8199f72c10bee21cb4c306a90a75c8682a6818b971842e843e56eb9ec79a1fdf89372765d6c
f8cdcd53d6d261c081d696fcf13b315434a821af,ce5c33fae498e17179fc496aa0d1eeae03c3c738d8e1e5287896b1b9c1b2d7b33b0f22aee23de23165ac9880b9b7122af75d77a1d8d4e00bbb22c2e29938a06e
f9b91edc23b9f321971bf89f44dad5a9022d8f5f,430c4f5e8212d8bde9d72a2c87e4f24bd3fca9c97195ac436f4eaa84f85157986eae153c698a1601cfe48cf2a691c0cbbb658a58355a947bb38b54fcfc0234a4
f9bf4c994b39d742e568096a04637edc5e8e6fda,4773a8f005b02870cdb02e12ab5cf409dc6b2686406e235e3fdea682bf7ba5592cdab1d8eef78b1eab0ee33a3b7cfd5b47b991f4d12bfe60b48a17b0079f2265
f9c298545da80df7767c4e5a9296a071f13702b8,2ad585cc5cba18a30e2ea387c46315934a116226a26d2746b6e4a41239dc4c31587d02ad843c29b8d5eb1c5cfa4f17bfdebf8d0a73a337db1917594bc3407fe4
f9d2ed5a26d43a90bac6236fbe58a8761822b73c,13789947e178f28196be1362588d8b961080a377f5d147a0ad2f68c77aa6e33aef3dc3957d08839105757043771824c8d4def7732935155ea198afd7d111180a
fa4fc4ec2f81a4897743c5b4f45907c02ce06199,25eff07797c29004ed2925ad9930271125e0a53cf5fdb1d6eb962bbea34a4f3a268f5098f193c1df088487a4e4577db3124688786ab21d9bb4da8b2809760863
facb064f8c5cd6b9eab016d359bfd5e5475d0277,e04ce6217f76759d6e2cd4517f050555364677d47ef336758a7b964ea8d37ac17afc70ea6729231502d1e4ec77f1d01e76fb96c0182f4132bf79d9b8f5295c65
fad487ded5b60fee99f51df3b087382f24aeee13,56fb3547c2ee9b5ac1a4b813aa63029052cf554633e9068e0ed28f307426020c2a6a110357429afea433ca4594637dd71ba22c04fd1bae405a9f20988d7383e5
fae94b14483374f6481256af32d2b57f7fbca865,be6baa4405a5805909c027b22a73b3526d1310eb8fa3682585b86aa82e10db0661cd28168bec3074a4764bf3819c8a679cb82c59b34b134009e0e286aad7646f
fb4cb868727d9622258bf2b26a8cfc95f6742669,d116d26bc8c88dccc8e3dad5350b902d38bfe48ed3e47b93b44ff5ca8569eee66504c618f49fff3cb55d3d99aaac9176d9202012af1c098623235fbbde629a8b
fc538ffd2923dddaed09c8ad1a51686275c56183,fdc9e3ef7fec7908d435675e79345d6c9d58de331638cc5554252e99929929bd6a939343cae289d6840737171b3d3b7e1bea4a2d312bcd6b2ee5f206c360d364
fc9e8db5e255439f430e058462360dd52b87cb4f,7b7909e40ce329233b50b7d31e4f434f90b24420ead161f4e26d86d927fa33a2b9b21e21bccec007f11dcb382002bd8c96fa3e248e911071e8f00da16c509070
fd4f24676ed4588928213f37b126b53c07186f45,c7518f6c2f40ff1da737fa2fd1e4dd13b59f7ab401f489d78ecf1313377cb5bbc2678ee272438e10ba89be3b19ec623b545b056c4e0c91bf884465e6694639b7
fe00888ff72e11b00437a13ff96965b44cbf7d47,5f647968f9306e6b8308936630a7ae21e54ceafdc84e412101fe93c877225e961e3b584cf7ba44a6b6ab1ed34cab6a4afd4cb0619789e6ff53a07192f4b73e02
fe349ddff44ba087530c1efc3342e786dffc57b0,f29548b9d129d8588628f2678655021f986de6b1314db2d822f04a8192ce445d05556998de90ce269ebf2e9cffe105e33280020ba2cb63739bc188349da025a4
fea2bf9ccadb6fe6260d674d904c51a31a658105,5e5b54551e939fc2dcf5504a6570e59718f1f6497ffce43224135c18e18adb0859e827bcc580fdb52c0b44b5aa59ab647ecf0cf354c75a75243f01f027b23371
ffb0e93f7e315beccf0757845f3ef2cb9832efb9,7a9886f603e43d1e97140dc18d662d0db9dece8cb101ee69f9df4aac207d818890075f8b735c489e66f0cefef407b96d26c34b9f4f265cc063c309a06447a253